概念名称,股票代码
黑洞概念,601989.SH
黄金水道,600018.SH
黄金概念,600089.SH
黄金概念,600362.SH
黄金概念,600547.SH
黄金概念,601899.SH
黄金概念,603993.SH
鸡尾酒,000596.SZ
高铁,002271.SZ
高铁,600219.SH
高铁,601186.SH
高铁,601390.SH
高铁,601766.SH
高铁,601800.SH
高铁,601816.SH
高送转预期,300896.SZ
高送转,002271.SZ
高端装备,000157.SZ
高端装备,000338.SZ
高端装备,000425.SZ
高端装备,002180.SZ
高端装备,600031.SH
高端装备,600150.SH
高端装备,600760.SH
高端装备,600893.SH
高端装备,601100.SH
高端装备,601615.SH
高端装备,601618.SH
高端装备,601766.SH
高端装备,601808.SH
高端装备,601989.SH
高校,000938.SZ
高校,002230.SZ
高校,601901.SH
骨传导,002241.SZ
饲料,000876.SZ
饲料,002001.SZ
饲料,002311.SZ
饲料,002714.SZ
饲料,600438.SH
食用油,300999.SZ
风电,002202.SZ
风电,300274.SZ
风电,600011.SH
风电,600089.SH
风电,600150.SH
风电,600795.SH
风电,601615.SH
风电,601669.SH
风电,601766.SH
预警机,000768.SZ
预警机,600893.SH
页岩气,600028.SH
页岩气,601857.SH
音乐产业,002555.SZ
青蒿素,002001.SZ
青蒿素,600196.SH
青蒿素,600332.SH
青岛自贸区,600690.SH
雷达,000768.SZ
雷达,002414.SZ
集成电路概念,000725.SZ
集成电路概念,000733.SZ
集成电路概念,002049.SZ
集成电路概念,002129.SZ
集成电路概念,002180.SZ
集成电路概念,002371.SZ
集成电路概念,002916.SZ
集成电路概念,300223.SZ
集成电路概念,300316.SZ
集成电路概念,300661.SZ
集成电路概念,600460.SH
集成电路概念,600584.SH
集成电路概念,600745.SH
集成电路概念,603501.SH
集成电路概念,603986.SH
集成电路概念,688012.SH
集成电路概念,688396.SH
集成电路概念,688981.SH
雄安金融,600061.SH
雄安基建,000786.SZ
雄安基建,002271.SZ
雄安基建,002459.SZ
雄安交通,601766.SH
陶瓷电容,000733.SZ
陶瓷电容,300408.SZ
陕西自贸区,601225.SH
阿里巴巴概念,002027.SZ
阿里巴巴概念,002120.SZ
阿里巴巴概念,300274.SZ
阿里巴巴概念,600233.SH
阿里巴巴概念,600332.SH
阿里巴巴概念,600588.SH
阿里巴巴概念,600690.SH
阿里巴巴概念,601216.SH
阿里巴巴概念,601688.SH
阿尔茨海默概念,002252.SZ
阅兵,000768.SZ
阅兵,002179.SZ
阅兵,002230.SZ
阅兵,600760.SH
阅兵,601989.SH
长三角一体化,000301.SZ
长三角一体化,002648.SZ
长三角一体化,300751.SZ
长三角一体化,600018.SH
长三角一体化,600176.SH
长三角一体化,601865.SH
长三角一体化,603260.SH
长三角一体化,603799.SH
镍氢电池,002460.SZ
锌电池,002594.SZ
锌,601899.SH
锂电隔膜,002812.SZ
锂电隔膜,603659.SH
锂电设备,002371.SZ
锂电设备,300450.SZ
锂电原料,000408.SZ
锂电原料,000792.SZ
锂电原料,002460.SZ
锂电原料,002466.SZ
锂电原料,002756.SZ
锂电原料,603799.SH
锂电原料,603993.SH
锂电制造,002074.SZ
锂电制造,002460.SZ
锂电制造,002594.SZ
锂电制造,300014.SZ
锂电制造,300207.SZ
锂电制造,300450.SZ
锂电制造,600884.SH
银屑病,600196.SH
铜冶炼,600362.SH
铜冶炼,601899.SH
铜,600362.SH
铜,601899.SH
铜,603993.SH
铁路混改,002352.SZ
铁路混改,601006.SH
铁路混改,601766.SH
铁路混改,601816.SH
铁路基建,002271.SZ
铁路基建,601006.SH
铁路基建,601186.SH
铁路基建,601390.SH
铁路基建,601766.SH
铁路基建,601800.SH
铁矿石,600010.SH
铁矿石,600039.SH
钼,603993.SH
钴,002460.SZ
钴,300919.SZ
钴,601390.SH
钴,601618.SH
钴,601669.SH
钴,601899.SH
钴,603799.SH
钴,603993.SH
钴,688005.SH
钨,603993.SH
钠离子电池,300207.SZ
钛白粉,002601.SZ
金融IC,002049.SZ
金控平台,000166.SZ
金控平台,600061.SH
金属镍,600884.SH
金属镍,601618.SH
金属镍,603799.SH
量子科技,002179.SZ
量子科技,002230.SZ
量子科技,600050.SH
量子科技,600406.SH
量子科技,603019.SH
重庆自贸区,000625.SZ
重庆自贸区,600132.SH
醋酸,600188.SH
醋酸,600426.SH
郭台铭概念,002938.SZ
郭台铭概念,601138.SH
通用航空,600115.SH
通用航空,600219.SH
通信基站,002916.SZ
通信基站,600050.SH
送转填权,002271.SZ
迪士尼,600009.SH
迪士尼,600115.SH
迪士尼,600741.SH
进口博览会,601919.SH
边缘计算,000063.SZ
边缘计算,000977.SZ
边缘计算,002415.SZ
边缘计算,300496.SZ
边缘计算,600845.SH
边缘计算,603019.SH
辅助生殖,000661.SZ
辅助生殖,600763.SH
转融券标的,000001.SZ
转融券标的,000002.SZ
转融券标的,000063.SZ
转融券标的,000069.SZ
转融券标的,000100.SZ
转融券标的,000157.SZ
转融券标的,000166.SZ
转融券标的,000301.SZ
转融券标的,000333.SZ
转融券标的,000338.SZ
转融券标的,000425.SZ
转融券标的,000538.SZ
转融券标的,000568.SZ
转融券标的,000596.SZ
转融券标的,000625.SZ
转融券标的,000651.SZ
转融券标的,000661.SZ
转融券标的,000708.SZ
转融券标的,000723.SZ
转融券标的,000725.SZ
转融券标的,000733.SZ
转融券标的,000768.SZ
转融券标的,000776.SZ
转融券标的,000786.SZ
转融券标的,000800.SZ
转融券标的,000858.SZ
转融券标的,000876.SZ
转融券标的,000877.SZ
转融券标的,000895.SZ
转融券标的,000938.SZ
转融券标的,000963.SZ
转融券标的,000977.SZ
转融券标的,001979.SZ
转融券标的,002001.SZ
转融券标的,002007.SZ
转融券标的,002008.SZ
转融券标的,002027.SZ
转融券标的,002032.SZ
转融券标的,002049.SZ
转融券标的,002050.SZ
转融券标的,002064.SZ
转融券标的,002074.SZ
转融券标的,002120.SZ
转融券标的,002129.SZ
转融券标的,002142.SZ
转融券标的,002179.SZ
转融券标的,002180.SZ
转融券标的,002202.SZ
转融券标的,002230.SZ
转融券标的,002236.SZ
转融券标的,002241.SZ
转融券标的,002252.SZ
转融券标的,002271.SZ
转融券标的,002304.SZ
转融券标的,002311.SZ
转融券标的,002352.SZ
转融券标的,002371.SZ
转融券标的,002410.SZ
转融券标的,002414.SZ
转融券标的,002415.SZ
转融券标的,002460.SZ
转融券标的,002466.SZ
转融券标的,002475.SZ
转融券标的,002493.SZ
转融券标的,002555.SZ
转融券标的,002594.SZ
转融券标的,002600.SZ
转融券标的,002601.SZ
转融券标的,002602.SZ
转融券标的,002648.SZ
转融券标的,002709.SZ
转融券标的,002714.SZ
转融券标的,002736.SZ
转融券标的,002812.SZ
转融券标的,002821.SZ
转融券标的,002841.SZ
转融券标的,002916.SZ
转融券标的,300014.SZ
转融券标的,300015.SZ
转融券标的,300033.SZ
转融券标的,300059.SZ
转融券标的,300122.SZ
转融券标的,300124.SZ
转融券标的,300142.SZ
转融券标的,300207.SZ
转融券标的,300223.SZ
转融券标的,300274.SZ
转融券标的,300316.SZ
转融券标的,300347.SZ
转融券标的,300408.SZ
转融券标的,300413.SZ
转融券标的,300433.SZ
转融券标的,300450.SZ
转融券标的,300454.SZ
转融券标的,300496.SZ
转融券标的,300498.SZ
转融券标的,300529.SZ
转融券标的,300595.SZ
转融券标的,300601.SZ
转融券标的,300628.SZ
转融券标的,300661.SZ
转融券标的,300750.SZ
转融券标的,300759.SZ
转融券标的,300760.SZ
转融券标的,300782.SZ
转融券标的,300896.SZ
转融券标的,300919.SZ
转融券标的,300999.SZ
转融券标的,600000.SH
转融券标的,600009.SH
转融券标的,600010.SH
转融券标的,600011.SH
转融券标的,600015.SH
转融券标的,600016.SH
转融券标的,600018.SH
转融券标的,600019.SH
转融券标的,600025.SH
转融券标的,600028.SH
转融券标的,600029.SH
转融券标的,600030.SH
转融券标的,600031.SH
转融券标的,600036.SH
转融券标的,600039.SH
转融券标的,600048.SH
转融券标的,600050.SH
转融券标的,600061.SH
转融券标的,600085.SH
转融券标的,600089.SH
转融券标的,600104.SH
转融券标的,600111.SH
转融券标的,600115.SH
转融券标的,600132.SH
转融券标的,600150.SH
转融券标的,600176.SH
转融券标的,600183.SH
转融券标的,600188.SH
转融券标的,600196.SH
轨道交通,002594.SZ
轨道交通,300124.SZ
轨道交通,600406.SH
轨道交通,601186.SH
轨道交通,601390.SH
轨道交通,601669.SH
轨道交通,601766.SH
车联网,000625.SZ
车联网,002230.SZ
车联网,002594.SZ
车联网,002920.SZ
车联网,300496.SZ
车联网,600745.SH
车联网,600845.SH
车联网,601238.SH
车联网,601360.SH
车联网,601799.SH
跨境电商,300413.SZ
跨境电商,600115.SH
跨境电商,600233.SH
跨境电商,601021.SH
足球概念,000625.SZ
足球概念,002415.SZ
足球概念,600018.SH
足球概念,600104.SH
足球概念,600606.SH
超级高铁,601186.SH
超级计算机,000938.SZ
超级计算机,000977.SZ
超级计算机,002049.SZ
超级计算机,603019.SH
超级真菌,002007.SZ
超级真菌,600332.SH
超级电容,000625.SZ
超级电容,000723.SZ
超级电容,000733.SZ
超级电容,600884.SH
超级品牌,000002.SZ
超级品牌,000100.SZ
超级品牌,000333.SZ
超级品牌,000538.SZ
超级品牌,000568.SZ
超级品牌,000651.SZ
超级品牌,000858.SZ
超级品牌,000895.SZ
超级品牌,002304.SZ
超级品牌,002594.SZ
超级品牌,300999.SZ
超级品牌,600085.SH
超级品牌,600104.SH
超级品牌,600519.SH
超级品牌,600600.SH
超级品牌,600690.SH
超级品牌,600887.SH
超级品牌,603195.SH
超级品牌,603288.SH
超硬材料,601012.SH
超清视频,000100.SZ
超清视频,000725.SZ
超清视频,002236.SZ
超清视频,002415.SZ
超清视频,002841.SZ
超清视频,300223.SZ
超清视频,300413.SZ
超清视频,300628.SZ
超清视频,300661.SZ
超清视频,603501.SH
超清视频,603986.SH
超导,600089.SH
贸易战受益股,600104.SH
贸易战受益股,601633.SH
贵州国资改革,600519.SH
负极材料,603659.SH
调味品,300999.SZ
调味品,603288.SH
诺贝尔,600276.SH
语音技术,002230.SZ
语音技术,002241.SZ
证金持股,000069.SZ
证金持股,000338.SZ
证金持股,000425.SZ
证金持股,000568.SZ
证金持股,000876.SZ
证金持股,600009.SH
证金持股,600028.SH
证金持股,600030.SH
证金持股,600089.SH
证金持股,600219.SH
证金持股,600309.SH
证金持股,600362.SH
证金持股,600406.SH
证金持股,600547.SH
证金持股,600600.SH
证金持股,600741.SH
证金持股,600795.SH
证金持股,601088.SH
证金持股,601186.SH
证金持股,601390.SH
证金持股,601628.SH
证金持股,601633.SH
证金持股,601668.SH
证金持股,601669.SH
证金持股,601808.SH
证金持股,601881.SH
证金持股,601888.SH
证金持股,601898.SH
证金持股,601899.SH
证金持股,601919.SH
证金持股,601939.SH
证金持股,601988.SH
证金持股,601998.SH
触摸屏,000725.SZ
触摸屏,002600.SZ
触摸屏,300433.SZ
覆铜板概念,600183.SH
西部开发,000877.SZ
西部开发,600039.SH
西部开发,600089.SH
西部开发,600989.SH
西气东输,600019.SH
西气东输,601857.SH
裸眼3D,000725.SZ
装配式建筑,000002.SZ
装配式建筑,000786.SZ
装配式建筑,601155.SH
装配式建筑,601668.SH
血液制品,002007.SZ
血液制品,002252.SZ
血液制品,300529.SZ
血液制品,601216.SH
融资融券,000001.SZ
融资融券,000002.SZ
融资融券,000063.SZ
融资融券,000069.SZ
融资融券,000100.SZ
融资融券,000157.SZ
融资融券,000166.SZ
融资融券,000301.SZ
融资融券,000333.SZ
融资融券,000338.SZ
融资融券,000425.SZ
融资融券,000538.SZ
融资融券,000568.SZ
融资融券,000596.SZ
融资融券,000625.SZ
融资融券,000651.SZ
融资融券,000661.SZ
融资融券,000708.SZ
融资融券,000723.SZ
融资融券,000725.SZ
融资融券,000733.SZ
融资融券,000768.SZ
融资融券,000776.SZ
融资融券,000786.SZ
融资融券,000800.SZ
融资融券,000858.SZ
融资融券,000876.SZ
融资融券,000877.SZ
融资融券,000895.SZ
融资融券,000938.SZ
融资融券,000963.SZ
融资融券,000977.SZ
融资融券,001979.SZ
融资融券,002001.SZ
融资融券,002007.SZ
融资融券,002008.SZ
融资融券,002027.SZ
融资融券,002032.SZ
融资融券,002049.SZ
融资融券,002050.SZ
融资融券,002064.SZ
融资融券,002074.SZ
融资融券,002120.SZ
融资融券,002129.SZ
融资融券,002142.SZ
融资融券,002179.SZ
融资融券,002180.SZ
融资融券,002202.SZ
融资融券,002230.SZ
融资融券,002236.SZ
融资融券,002241.SZ
融资融券,002252.SZ
融资融券,002271.SZ
融资融券,002304.SZ
融资融券,002311.SZ
融资融券,002352.SZ
融资融券,002371.SZ
融资融券,002410.SZ
融资融券,002414.SZ
融资融券,002415.SZ
融资融券,002460.SZ
融资融券,002466.SZ
融资融券,002475.SZ
融资融券,002493.SZ
融资融券,002555.SZ
融资融券,002594.SZ
融资融券,002600.SZ
融资融券,002601.SZ
融资融券,002602.SZ
融资融券,002648.SZ
融资融券,002709.SZ
融资融券,002714.SZ
融资融券,002736.SZ
融资融券,002812.SZ
融资融券,002821.SZ
融资融券,002841.SZ
融资融券,002916.SZ
融资融券,300014.SZ
融资融券,300015.SZ
融资融券,300033.SZ
融资融券,300059.SZ
融资融券,300122.SZ
融资融券,300124.SZ
融资融券,300142.SZ
融资融券,300207.SZ
融资融券,300223.SZ
融资融券,300274.SZ
融资融券,300316.SZ
融资融券,300347.SZ
融资融券,300408.SZ
融资融券,300413.SZ
融资融券,300433.SZ
融资融券,300450.SZ
融资融券,300454.SZ
融资融券,300496.SZ
融资融券,300498.SZ
融资融券,300529.SZ
融资融券,300595.SZ
融资融券,300601.SZ
融资融券,300628.SZ
融资融券,300661.SZ
融资融券,300750.SZ
融资融券,300759.SZ
融资融券,300760.SZ
融资融券,300782.SZ
融资融券,300896.SZ
融资融券,300919.SZ
融资融券,300999.SZ
融资融券,600000.SH
融资融券,600009.SH
融资融券,600010.SH
融资融券,600011.SH
融资融券,600015.SH
融资融券,600016.SH
融资融券,600018.SH
融资融券,600019.SH
融资融券,600025.SH
融资融券,600028.SH
融资融券,600029.SH
融资融券,600030.SH
融资融券,600031.SH
融资融券,600036.SH
融资融券,600039.SH
融资融券,600048.SH
融资融券,600050.SH
融资融券,600061.SH
融资融券,600085.SH
融资融券,600089.SH
融资融券,600104.SH
融资融券,600111.SH
融资融券,600115.SH
融资融券,600132.SH
融资融券,600150.SH
融资融券,600176.SH
融资融券,600183.SH
融资融券,600188.SH
融资融券,600196.SH
融资租赁,000938.SZ
融资租赁,002410.SZ
融资租赁,600089.SH
融资租赁,600176.SH
融资租赁,600188.SH
融资租赁,600584.SH
融资租赁,600837.SH
融资租赁,601766.SH
融资租赁,601901.SH
融资标的股,000001.SZ
融资标的股,000002.SZ
融资标的股,000063.SZ
融资标的股,000069.SZ
融资标的股,000100.SZ
融资标的股,000157.SZ
融资标的股,000166.SZ
融资标的股,000301.SZ
融资标的股,000333.SZ
融资标的股,000338.SZ
融资标的股,000425.SZ
融资标的股,000538.SZ
融资标的股,000568.SZ
融资标的股,000596.SZ
融资标的股,000625.SZ
融资标的股,000651.SZ
融资标的股,000661.SZ
融资标的股,000708.SZ
融资标的股,000723.SZ
融资标的股,000725.SZ
融资标的股,000733.SZ
融资标的股,000768.SZ
融资标的股,000776.SZ
融资标的股,000786.SZ
融资标的股,000800.SZ
融资标的股,000858.SZ
融资标的股,000876.SZ
融资标的股,000877.SZ
融资标的股,000895.SZ
融资标的股,000938.SZ
融资标的股,000963.SZ
融资标的股,000977.SZ
融资标的股,001979.SZ
融资标的股,002001.SZ
融资标的股,002007.SZ
融资标的股,002008.SZ
融资标的股,002027.SZ
融资标的股,002032.SZ
融资标的股,002049.SZ
融资标的股,002050.SZ
融资标的股,002064.SZ
融资标的股,002074.SZ
融资标的股,002120.SZ
融资标的股,002129.SZ
融资标的股,002142.SZ
融资标的股,002179.SZ
融资标的股,002180.SZ
融资标的股,002202.SZ
融资标的股,002230.SZ
融资标的股,002236.SZ
融资标的股,002241.SZ
融资标的股,002252.SZ
融资标的股,002271.SZ
融资标的股,002304.SZ
融资标的股,002311.SZ
融资标的股,002352.SZ
融资标的股,002371.SZ
融资标的股,002410.SZ
融资标的股,002414.SZ
融资标的股,002415.SZ
融资标的股,002460.SZ
融资标的股,002466.SZ
融资标的股,002475.SZ
融资标的股,002493.SZ
融资标的股,002555.SZ
融资标的股,002594.SZ
融资标的股,002600.SZ
融资标的股,002601.SZ
融资标的股,002602.SZ
融资标的股,002648.SZ
融资标的股,002709.SZ
融资标的股,002714.SZ
融资标的股,002736.SZ
融资标的股,002812.SZ
融资标的股,002821.SZ
融资标的股,002841.SZ
融资标的股,002916.SZ
融资标的股,300014.SZ
融资标的股,300015.SZ
融资标的股,300033.SZ
融资标的股,300059.SZ
融资标的股,300122.SZ
融资标的股,300124.SZ
融资标的股,300142.SZ
融资标的股,300207.SZ
融资标的股,300223.SZ
融资标的股,300274.SZ
融资标的股,300316.SZ
融资标的股,300347.SZ
融资标的股,300408.SZ
融资标的股,300413.SZ
融资标的股,300433.SZ
融资标的股,300450.SZ
融资标的股,300454.SZ
融资标的股,300496.SZ
融资标的股,300498.SZ
融资标的股,300529.SZ
融资标的股,300595.SZ
融资标的股,300601.SZ
融资标的股,300628.SZ
融资标的股,300661.SZ
融资标的股,300750.SZ
融资标的股,300759.SZ
融资标的股,300760.SZ
融资标的股,300782.SZ
融资标的股,300896.SZ
融资标的股,300919.SZ
融资标的股,300999.SZ
融券标的股,000001.SZ
融券标的股,000002.SZ
融券标的股,000063.SZ
融券标的股,000069.SZ
融券标的股,000100.SZ
融券标的股,000157.SZ
融券标的股,000166.SZ
融券标的股,000301.SZ
融券标的股,000333.SZ
融券标的股,000338.SZ
融券标的股,000425.SZ
融券标的股,000538.SZ
融券标的股,000568.SZ
融券标的股,000596.SZ
融券标的股,000625.SZ
融券标的股,000651.SZ
融券标的股,000661.SZ
融券标的股,000708.SZ
融券标的股,000723.SZ
融券标的股,000725.SZ
融券标的股,000733.SZ
融券标的股,000768.SZ
融券标的股,000776.SZ
融券标的股,000786.SZ
融券标的股,000800.SZ
融券标的股,000858.SZ
融券标的股,000876.SZ
融券标的股,000877.SZ
融券标的股,000895.SZ
融券标的股,000938.SZ
融券标的股,000963.SZ
融券标的股,000977.SZ
融券标的股,001979.SZ
融券标的股,002001.SZ
融券标的股,002007.SZ
融券标的股,002008.SZ
融券标的股,002027.SZ
融券标的股,002032.SZ
融券标的股,002049.SZ
融券标的股,002050.SZ
融券标的股,002064.SZ
融券标的股,002074.SZ
融券标的股,002120.SZ
融券标的股,002129.SZ
融券标的股,002142.SZ
融券标的股,002179.SZ
融券标的股,002180.SZ
融券标的股,002202.SZ
融券标的股,002230.SZ
融券标的股,002236.SZ
融券标的股,002241.SZ
融券标的股,002252.SZ
融券标的股,002271.SZ
融券标的股,002304.SZ
融券标的股,002311.SZ
融券标的股,002352.SZ
融券标的股,002371.SZ
融券标的股,002410.SZ
融券标的股,002414.SZ
融券标的股,002415.SZ
融券标的股,002460.SZ
融券标的股,002466.SZ
融券标的股,002475.SZ
融券标的股,002493.SZ
融券标的股,002555.SZ
融券标的股,002594.SZ
融券标的股,002600.SZ
融券标的股,002601.SZ
融券标的股,002602.SZ
融券标的股,002648.SZ
融券标的股,002709.SZ
融券标的股,002714.SZ
融券标的股,002736.SZ
融券标的股,002812.SZ
融券标的股,002821.SZ
融券标的股,002841.SZ
融券标的股,002916.SZ
融券标的股,300014.SZ
融券标的股,300015.SZ
融券标的股,300033.SZ
融券标的股,300059.SZ
融券标的股,300122.SZ
融券标的股,300124.SZ
融券标的股,300142.SZ
融券标的股,300207.SZ
融券标的股,300223.SZ
融券标的股,300274.SZ
融券标的股,300316.SZ
融券标的股,300347.SZ
融券标的股,300408.SZ
融券标的股,300413.SZ
融券标的股,300433.SZ
融券标的股,300450.SZ
融券标的股,300454.SZ
融券标的股,300496.SZ
融券标的股,300498.SZ
融券标的股,300529.SZ
融券标的股,300595.SZ
融券标的股,300601.SZ
融券标的股,300628.SZ
融券标的股,300661.SZ
融券标的股,300750.SZ
融券标的股,300759.SZ
融券标的股,300760.SZ
融券标的股,300782.SZ
融券标的股,300896.SZ
融券标的股,300919.SZ
融券标的股,300999.SZ
蚂蚁金服概念,300750.SZ
蚂蚁金服概念,600570.SH
蚂蚁金服概念,600606.SH
蚂蚁金服概念,601216.SH
蚂蚁金服概念,601319.SH
蚂蚁金服概念,601336.SH
蚂蚁金服概念,601601.SH
蚂蚁金服概念,601628.SH
虚拟运营商,000063.SZ
虚拟运营商,600588.SH
虚拟机器人,002230.SZ
虚拟机器人,002241.SZ
虚拟机器人,603019.SH
蔚来汽车概念,000625.SZ
蔚来汽车概念,002050.SZ
蔚来汽车概念,002230.SZ
蔚来汽车概念,002920.SZ
蔚来汽车概念,300750.SZ
蔚来汽车概念,600588.SH
蔚来汽车概念,600660.SH
蔚来汽车概念,601238.SH
蓝宝石,002008.SZ
蓝宝石,002049.SZ
蓝宝石,002129.SZ
蓝宝石,300316.SZ
蓝宝石,300433.SZ
药品信息化追溯,002352.SZ
苹果概念,000725.SZ
苹果概念,002008.SZ
苹果概念,002129.SZ
苹果概念,002202.SZ
苹果概念,002241.SZ
苹果概念,002475.SZ
苹果概念,002600.SZ
苹果概念,002916.SZ
苹果概念,002938.SZ
苹果概念,300207.SZ
苹果概念,300433.SZ
苹果概念,600584.SH
苹果概念,600745.SH
苹果概念,600884.SH
苹果概念,601138.SH
节能环保,000157.SZ
节能环保,000338.SZ
节能环保,600690.SH
节能照明,002008.SZ
节能照明,002049.SZ
节能照明,600460.SH
航运港口,600018.SH
航运港口,600150.SH
航运港口,601919.SH
航运概念,601919.SH
航空航天,002179.SZ
航空航天,600219.SH
航空航天,600760.SH
航空租赁,600029.SH
航空租赁,600115.SH
航空租赁,601111.SH
航空发动机,600893.SH
航天军工,000733.SZ
航天军工,000768.SZ
航天军工,002202.SZ
航天军工,002371.SZ
自由贸易港,600018.SH
腾讯音乐概念,002555.SZ
腾讯概念,000100.SZ
腾讯概念,002236.SZ
腾讯概念,002602.SZ
腾讯概念,603019.SH
能源互联网,002202.SZ
能源互联网,300274.SZ
能源互联网,600089.SH
能源互联网,600406.SH
胰岛素,000963.SZ
胰岛素,600276.SH
胎压监测,300014.SZ
股权转让,000938.SZ
股权转让,002074.SZ
股权转让,002459.SZ
股权转让,600018.SH
肝素,600196.SH
聚碳酸酯,600309.SH
聚丙烯,002648.SZ
聚丙烯,600028.SH
聚丙烯,600989.SH
聚丙烯,601088.SH
聚丙烯,601857.SH
联通混改,600050.SH
联通混改,600588.SH
联通混改,601628.SH
联通混改,601766.SH
老龄化,000538.SZ
老龄化,000963.SZ
老龄化,600276.SH
老字号,000538.SZ
老字号,000568.SZ
老字号,000596.SZ
老字号,000858.SZ
老字号,002304.SZ
老字号,600085.SH
老字号,600196.SH
老字号,600332.SH
老字号,600436.SH
老字号,600519.SH
老字号,600600.SH
老字号,600809.SH
老字号,603288.SH
老字号,603369.SH
美团概念股,000977.SZ
网络视频,300413.SZ
网络直播,300413.SZ
网络直播,601360.SH
网络游戏,002555.SZ
网络游戏,002602.SZ
网络游戏,601360.SH
网络安全,000063.SZ
网络安全,300454.SZ
网络安全,601360.SH
网络安全,603019.SH
网络安全,688561.SH
网络切片,000063.SZ
网络切片,000733.SZ
网络切片,000938.SZ
网易概念,000977.SZ
绿色消费,000786.SZ
绿色建筑,000786.SZ
绿色建筑,600309.SH
绿色建筑,601668.SH
维生素,002001.SZ
细胞免疫治疗,600196.SH
细胞免疫治疗,600276.SH
纳米纸,002601.SZ
纳米,600183.SH
紫光系,000938.SZ
紫光系,002049.SZ
精装修,002271.SZ
粤港澳大湾区,001979.SZ
粗苯,000723.SZ
第三代半导体,002371.SZ
第三代半导体,300316.SZ
第三代半导体,600460.SH
第三代半导体,600745.SH
第三代半导体,688396.SH
空铁WIFI,600050.SH
空铁WIFI,601360.SH
空气净化,600690.SH
稀缺资源,000792.SZ
稀缺资源,600111.SH
稀缺资源,600188.SH
稀缺资源,600362.SH
稀缺资源,600547.SH
稀缺资源,601899.SH
稀有金属,600111.SH
稀有金属,600362.SH
稀有金属,601600.SH
稀有金属,601899.SH
稀有金属,603993.SH
稀土永磁,002202.SZ
稀土永磁,002600.SZ
稀土永磁,600010.SH
稀土永磁,600111.SH
稀土永磁,600362.SH
稀土永磁,601600.SH
稀土整合,600010.SH
稀土整合,600111.SH
稀土整合,601600.SH
移动支付,002049.SZ
移动支付,600050.SH
移动支付,600584.SH
移动支付,600588.SH
移动支付,600745.SH
租售同权,001979.SZ
租售同权,600048.SH
租售同权,600606.SH
租售同权,601155.SH
科创次新股,688065.SH
科创次新股,688126.SH
科创次新股,688169.SH
科创次新股,688396.SH
科创次新股,688561.SH
科创次新股,688599.SH
科创次新股,688981.SH
禽流感,002007.SZ
禽流感,300601.SZ
禽流感,600332.SH
磷酸铁锂,002074.SZ
磷酸铁锂,002594.SZ
磷酸铁锂,002709.SZ
磷酸铁锂,300014.SZ
磷酸铁锂,300750.SZ
磷酸铁锂,300769.SZ
磷化工,603993.SH
磁悬浮,601390.SH
磁悬浮,601766.SH
碳纳米管,000938.SZ
碳纤维,600089.SH
碳化硅,603290.SH
硫酸钾,000792.SZ
硅晶圆,002129.SZ
硅晶圆,300316.SZ
石墨电极,000723.SZ
石墨电极,600019.SH
石墨电极,603260.SH
石墨烯,300207.SZ
石墨烯,600039.SH
石墨烯,600884.SH
石墨烯,601238.SH
石墨烯,601877.SH
眼科医疗,300015.SZ
眼科医疗,300595.SZ
盲盒,603899.SH
盐酸,000792.SZ
盐湖提锂,000408.SZ
盐湖提锂,000792.SZ
盐湖提锂,002594.SZ
百度概念,000625.SZ
百度概念,002920.SZ
白马爆雷,000063.SZ
白马爆雷,600887.SH
白酒概念,000568.SZ
白酒概念,000596.SZ
白酒概念,000858.SZ
白酒概念,002304.SZ
白酒概念,600519.SH
白酒概念,600809.SH
白酒概念,603369.SH
白糖,300999.SZ
白炭黑,603260.SH
登革热,600436.SH
疫苗存储,300601.SZ
疫苗存储,600690.SH
疟疾,002001.SZ
疟疾,600196.SH
疟疾,600332.SH
电阻,300408.SZ
电解液,002709.SZ
电解液,600884.SH
电石,601216.SH
电机电控,300124.SZ
电机电控,600104.SH
电机电控,601766.SH
电子竞技,002027.SZ
电子竞技,002602.SZ
电子烟,300014.SZ
电子烟,300207.SZ
电子商务,000301.SZ
电子商务,000858.SZ
电子商务,002271.SZ
电子商务,002410.SZ
电子商务,300033.SZ
电子商务,300413.SZ
电子商务,600115.SH
电子商务,600570.SH
电子商务,600588.SH
电子商务,600690.SH
电子商务,600884.SH
电子商务,601689.SH
电子商务,601888.SH
电力物联网,600406.SH
电力改革,600011.SH
电力改革,600674.SH
电力改革,600795.SH
电力改革,600886.SH
电力改革,600900.SH
电信业整合,600050.SH
电信业整合,600588.SH
甲醇,600188.SH
甲醇,600803.SH
甲醇,601898.SH
生物疫苗,000661.SZ
生物疫苗,002007.SZ
生物疫苗,300122.SZ
生物疫苗,300142.SZ
生物疫苗,300601.SZ
生物疫苗,600196.SH
生物疫苗,600332.SH
生物疫苗,601216.SH
生物疫苗,603392.SH
生物医药,000661.SZ
生物医药,000963.SZ
生物医药,002007.SZ
生物医药,002821.SZ
生物医药,300122.SZ
生物医药,300142.SZ
生物医药,300759.SZ
生物医药,600196.SH
生物医药,600276.SH
生物医药,600332.SH
生物医药,603806.SH
生态农业,002311.SZ
理想汽车概念,002050.SZ
理想汽车概念,002920.SZ
珠海主题公园,601669.SH
玻璃纤维,600176.SH
玻璃,300433.SZ
玻璃,600660.SH
环氧丙烷,600309.SH
猪肉,000876.SZ
猪肉,000895.SZ
猪肉,002311.SZ
猪肉,002714.SZ
猪肉,300498.SZ
独角兽概念,000069.SZ
独角兽概念,002202.SZ
独角兽概念,002230.SZ
独角兽概念,002236.SZ
独角兽概念,002241.SZ
独角兽概念,300413.SZ
独角兽概念,300496.SZ
独角兽概念,300750.SZ
独角兽概念,300760.SZ
独角兽概念,600570.SH
独角兽概念,600606.SH
独角兽概念,600763.SH
独角兽概念,601138.SH
独角兽概念,601216.SH
独角兽概念,601318.SH
独角兽概念,601628.SH
独角兽概念,603019.SH
独角兽概念,603259.SH
特高压,002459.SZ
特高压,600089.SH
特高压,600406.SH
特高压,601669.SH
特钢概念,000708.SZ
特钢概念,002756.SZ
特色小镇,000069.SZ
特色小镇,600606.SH
特色小镇,601186.SH
特种玻璃,600660.SH
特朗普访华,601021.SH
特朗普访华,601857.SH
特斯拉,002050.SZ
特斯拉,002179.SZ
特斯拉,002460.SZ
特斯拉,002466.SZ
特斯拉,002709.SZ
特斯拉,300433.SZ
特斯拉,300450.SZ
特斯拉,300750.SZ
特斯拉,300919.SZ
特斯拉,600019.SH
特斯拉,600660.SH
特斯拉,600741.SH
特斯拉,600884.SH
特斯拉,601012.SH
特斯拉,601689.SH
特斯拉,601877.SH
特斯拉,603659.SH
物联网感知层,002180.SZ
物联网感知层,300496.SZ
物联网应用层,000725.SZ
物联网平台层,000063.SZ
物联网平台层,000333.SZ
物联网平台层,000938.SZ
物联网平台层,600050.SH
物联网传输层,600050.SH
物流电商平台,600219.SH
物业管理,000002.SZ
物业管理,600048.SH
物业管理,600383.SH
燃料电池,000338.SZ
燃料电池,000723.SZ
燃料电池,002050.SZ
燃料电池,002648.SZ
燃料电池,300408.SZ
燃料电池,300450.SZ
燃料电池,600104.SH
燃料电池,601238.SH
燃料电池,601633.SH
煤炭概念,000723.SZ
煤炭概念,600089.SH
煤炭概念,600188.SH
煤炭概念,601088.SH
煤炭概念,601225.SH
煤炭概念,601898.SH
煤层气,601857.SH
煤化工,600188.SH
煤化工,600309.SH
煤化工,600426.SH
煤化工,600989.SH
煤化工,601088.SH
煤化工,601117.SH
煤化工,601216.SH
煤化工,601898.SH
焦煤,000723.SZ
焦煤,601898.SH
烧碱,601216.SH
烟草,002812.SZ
炭素,601600.SH
炭疽,002007.SZ
炭疽,300142.SZ
炭疽,600276.SH
激光器,002008.SZ
激光,002008.SZ
滴滴概念股,300496.SZ
湖南国资改革,300413.SZ
游轮,001979.SZ
深股通,000001.SZ
深股通,000002.SZ
深股通,000063.SZ
深股通,000069.SZ
深股通,000100.SZ
深股通,000157.SZ
深股通,000166.SZ
深股通,000301.SZ
深股通,000333.SZ
深股通,000338.SZ
深股通,000425.SZ
深股通,000538.SZ
深股通,000568.SZ
深股通,000596.SZ
深股通,000625.SZ
深股通,000651.SZ
深股通,000661.SZ
深股通,000708.SZ
深股通,000723.SZ
深股通,000725.SZ
深股通,000733.SZ
深股通,000768.SZ
深股通,000776.SZ
深股通,000786.SZ
深股通,000800.SZ
深股通,000858.SZ
深股通,000876.SZ
深股通,000877.SZ
深股通,000895.SZ
深股通,000938.SZ
深股通,000963.SZ
深股通,000977.SZ
深股通,001979.SZ
深股通,002001.SZ
深股通,002007.SZ
深股通,002008.SZ
深股通,002027.SZ
深股通,002032.SZ
深股通,002049.SZ
深股通,002050.SZ
深股通,002064.SZ
深股通,002074.SZ
深股通,002120.SZ
深股通,002129.SZ
深股通,002142.SZ
深股通,002179.SZ
深股通,002180.SZ
深股通,002202.SZ
深股通,002230.SZ
深股通,002236.SZ
深股通,002241.SZ
深股通,002252.SZ
深股通,002271.SZ
深股通,002304.SZ
深股通,002311.SZ
深股通,002352.SZ
深股通,002371.SZ
深股通,002410.SZ
深股通,002414.SZ
深股通,002415.SZ
深股通,002459.SZ
深股通,002460.SZ
深股通,002475.SZ
深股通,002493.SZ
深股通,002555.SZ
深股通,002594.SZ
深股通,002600.SZ
深股通,002601.SZ
深股通,002602.SZ
深股通,002648.SZ
深股通,002709.SZ
深股通,002714.SZ
深股通,002736.SZ
深股通,002756.SZ
深股通,002812.SZ
深股通,002821.SZ
深股通,002841.SZ
深股通,002916.SZ
深股通,002920.SZ
深股通,002938.SZ
深股通,003816.SZ
深股通,300014.SZ
深股通,300015.SZ
深股通,300033.SZ
深股通,300059.SZ
深股通,300122.SZ
深股通,300124.SZ
深股通,300142.SZ
深股通,300207.SZ
深股通,300223.SZ
深股通,300274.SZ
深股通,300316.SZ
深股通,300347.SZ
深股通,300408.SZ
深股通,300413.SZ
深股通,300433.SZ
深股通,300450.SZ
深股通,300454.SZ
深股通,300496.SZ
深股通,300498.SZ
深股通,300529.SZ
深股通,300595.SZ
深股通,300601.SZ
深股通,300628.SZ
深股通,300661.SZ
深股通,300750.SZ
深股通,300751.SZ
深股通,300759.SZ
深股通,300760.SZ
深股通,300763.SZ
深股通,300782.SZ
深股通,300999.SZ
深圳国资改革,002736.SZ
液态金属,600183.SH
涤纶,000301.SZ
涤纶,002493.SZ
涤纶,600346.SH
消费金融,600926.SH
消费电子,002008.SZ
消费电子,002241.SZ
消费电子,002475.SZ
消费电子,002600.SZ
消费电子,002938.SZ
消费电子,300207.SZ
消费电子,300408.SZ
消费电子,300433.SZ
消费电子,600745.SH
消费电子,688036.SH
海绵城市,002271.SZ
海绵城市,601668.SH
海洋经济,600150.SH
海洋经济,601808.SH
海洋经济,601989.SH
海工装备,600150.SH
海工装备,601808.SH
海工装备,601989.SH
海峡西岸,001979.SZ
海峡西岸,600436.SH
海峡西岸,601166.SH
海南旅游岛,601888.SH
海上风电,002202.SZ
海上风电,601615.SH
浙江国资改革,600926.SH
浙江国资改革,601878.SH
流感,000661.SZ
流感,002007.SZ
流感,300142.SZ
流感,600085.SH
流感,600196.SH
流媒体,300413.SZ
注册制次新股,300896.SZ
注册制次新股,300919.SZ
注册制次新股,300999.SZ
油气管网,600028.SH
油气管网,601857.SH
油气开采,600028.SH
油气开采,600803.SH
油气开采,601808.SH
油气开采,601857.SH
油改气,601857.SH
油品改革,002493.SZ
油品改革,600028.SH
油品改革,601857.SH
油价下调,600029.SH
油价下调,600115.SH
油价下调,601021.SH
油价下调,601111.SH
油价下调,601919.SH
油价上调,600028.SH
油价上调,600188.SH
油价上调,600803.SH
油价上调,601088.SH
油价上调,601808.SH
油价上调,601857.SH
沪股通,600000.SH
沪股通,600009.SH
沪股通,600010.SH
沪股通,600011.SH
沪股通,600015.SH
沪股通,600016.SH
沪股通,600018.SH
沪股通,600019.SH
沪股通,600025.SH
沪股通,600028.SH
沪股通,600029.SH
沪股通,600030.SH
沪股通,600031.SH
沪股通,600036.SH
沪股通,600039.SH
沪股通,600048.SH
沪股通,600050.SH
沪股通,600061.SH
沪股通,600089.SH
沪股通,600104.SH
沪股通,600111.SH
沪股通,600115.SH
沪股通,600132.SH
沪股通,600150.SH
沪股通,600176.SH
沪股通,600183.SH
沪股通,600188.SH
沪股通,600196.SH
沪股通,600219.SH
沪股通,600233.SH
沪股通,600276.SH
沪股通,600309.SH
沪股通,600332.SH
沪股通,600346.SH
沪股通,600362.SH
沪股通,600383.SH
沪股通,600406.SH
沪股通,600426.SH
沪股通,600436.SH
沪股通,600438.SH
沪股通,600460.SH
沪股通,600519.SH
沪股通,600547.SH
沪股通,600570.SH
沪股通,600584.SH
沪股通,600585.SH
沪股通,600588.SH
沪股通,600600.SH
沪股通,600606.SH
沪股通,600660.SH
沪股通,600674.SH
沪股通,600690.SH
沪股通,600741.SH
沪股通,600745.SH
沪股通,600760.SH
沪股通,600763.SH
沪股通,600803.SH
沪股通,600809.SH
沪股通,600837.SH
沪股通,600845.SH
沪股通,600886.SH
沪股通,600887.SH
沪股通,600893.SH
沪股通,600900.SH
沪股通,600918.SH
沪股通,600919.SH
沪股通,600926.SH
沪股通,600958.SH
沪股通,600989.SH
沪股通,600999.SH
沪股通,601006.SH
沪股通,601009.SH
沪股通,601012.SH
沪股通,601021.SH
沪股通,601066.SH
沪股通,601088.SH
沪股通,601100.SH
沪股通,601111.SH
沪股通,601117.SH
沪股通,601138.SH
沪股通,601155.SH
沪股通,601166.SH
沪股通,601169.SH
沪股通,601186.SH
沪股通,601211.SH
沪股通,601216.SH
沪股通,601225.SH
沪股通,601229.SH
沪股通,601236.SH
沪股通,601238.SH
沪股通,601288.SH
沪股通,601318.SH
沪股通,601319.SH
沪股通,601328.SH
沪股通,601336.SH
沪股通,601360.SH
沪股通,601377.SH
沪股通,601390.SH
沪股通,601398.SH
沪股通,601600.SH
沪股通,601601.SH
沪股通,601615.SH
沪股通,601618.SH
沪股通,601628.SH
沪股通,601633.SH
沪股通,601658.SH
沪股通,601668.SH
沪股通,601669.SH
沪股通,601688.SH
沪股通,601689.SH
沪股通,601698.SH
沪股通,601766.SH
沪股通,601788.SH
沪股通,601799.SH
沪股通,601800.SH
沪股通,601808.SH
沪股通,601816.SH
沪股通,601818.SH
沪股通,601838.SH
沪股通,601857.SH
沪股通,601865.SH
沪股通,601877.SH
沪股通,601878.SH
沪股通,601881.SH
沪股通,601888.SH
沪股通,601898.SH
沪股通,601899.SH
沪股通,601901.SH
沪股通,601919.SH
沪股通,601939.SH
沪股通,601966.SH
沪股通,601985.SH
沪股通,601988.SH
沪股通,601989.SH
沪股通,601995.SH
沪股通,601998.SH
沪股通,603019.SH
沪股通,603185.SH
沪股通,603195.SH
沪股通,603259.SH
沪股通,603260.SH
沪股通,603288.SH
沪股通,603369.SH
沪股通,603392.SH
沪股通,603486.SH
沪股通,603501.SH
沪股通,603659.SH
沪股通,603799.SH
沪股通,603806.SH
沪股通,603833.SH
沪股通,603882.SH
沪股通,603899.SH
沪股通,603986.SH
沪股通,603993.SH
沪股通,688008.SH
沪股通,688012.SH
汽车电子,002049.SZ
汽车电子,002415.SZ
汽车电子,002475.SZ
汽车电子,002920.SZ
汽车电子,300223.SZ
汽车电子,300433.SZ
汽车电子,601689.SH
汽车电子,601799.SH
汽车电子,603986.SH
汽车电子,688396.SH
汽车制造概念,000625.SZ
汽车制造概念,000723.SZ
汽车制造概念,000800.SZ
汽车制造概念,002594.SZ
汽车制造概念,600104.SH
汽车制造概念,601238.SH
汽车制造概念,601633.SH
汽车制造概念,601689.SH
汽车制造概念,601966.SH
污水处理,000723.SZ
江苏国资改革,601688.SH
江苏国资改革,603369.SH
永磁高铁,002600.SZ
水泥,000877.SZ
水泥,600585.SH
水泥,601216.SH
水利,601669.SH
水利,601800.SH
氮化镓,002371.SZ
氮化镓,600460.SH
氮化镓,600745.SH
氮化镓,688396.SH
氨纶,002064.SZ
氧化铝,600089.SH
氧化铝,600219.SH
氧化铝,601600.SH
氢能源,000723.SZ
氢能源,002648.SZ
氢能源,002709.SZ
氢能源,300274.SZ
氢能源,600803.SH
氢能源,600989.SH
氢能源,601216.SH
氢能源,601766.SH
氢氟酸,002709.SZ
民营医院,000725.SZ
民营医院,300015.SZ
民营医院,600196.SH
民营医院,600763.SH
民用无人机,002352.SZ
正极材料,002074.SZ
正极材料,002709.SZ
正极材料,600039.SH
正极材料,600884.SH
正极材料,601877.SH
正极材料,603799.SH
正极材料,688005.SH
横琴新区,002180.SZ
横琴新区,300529.SZ
核电,002756.SZ
核电,003816.SZ
核电,600011.SH
核电,600019.SH
核电,600900.SH
核电,601877.SH
核电,601985.SH
核准制次新股,600918.SH
核准制次新股,601995.SH
核准制次新股,603392.SH
标普道琼斯A股,000001.SZ
标普道琼斯A股,000002.SZ
标普道琼斯A股,000063.SZ
标普道琼斯A股,000069.SZ
标普道琼斯A股,000100.SZ
标普道琼斯A股,000157.SZ
标普道琼斯A股,000166.SZ
标普道琼斯A股,000301.SZ
标普道琼斯A股,000333.SZ
标普道琼斯A股,000338.SZ
标普道琼斯A股,000425.SZ
标普道琼斯A股,000538.SZ
标普道琼斯A股,000568.SZ
标普道琼斯A股,000596.SZ
标普道琼斯A股,000625.SZ
标普道琼斯A股,000651.SZ
标普道琼斯A股,000661.SZ
标普道琼斯A股,000723.SZ
标普道琼斯A股,000725.SZ
标普道琼斯A股,000733.SZ
标普道琼斯A股,000768.SZ
标普道琼斯A股,000776.SZ
标普道琼斯A股,000786.SZ
标普道琼斯A股,000800.SZ
标普道琼斯A股,000858.SZ
标普道琼斯A股,000876.SZ
标普道琼斯A股,000877.SZ
标普道琼斯A股,000895.SZ
标普道琼斯A股,000938.SZ
标普道琼斯A股,000963.SZ
标普道琼斯A股,000977.SZ
标普道琼斯A股,001979.SZ
标普道琼斯A股,002001.SZ
标普道琼斯A股,002007.SZ
标普道琼斯A股,002008.SZ
标普道琼斯A股,002027.SZ
标普道琼斯A股,002032.SZ
标普道琼斯A股,002049.SZ
标普道琼斯A股,002050.SZ
标普道琼斯A股,002064.SZ
标普道琼斯A股,002074.SZ
标普道琼斯A股,002120.SZ
标普道琼斯A股,002129.SZ
标普道琼斯A股,002142.SZ
标普道琼斯A股,002179.SZ
标普道琼斯A股,002180.SZ
标普道琼斯A股,002202.SZ
标普道琼斯A股,002230.SZ
标普道琼斯A股,002236.SZ
标普道琼斯A股,002241.SZ
标普道琼斯A股,002252.SZ
标普道琼斯A股,002271.SZ
标普道琼斯A股,002304.SZ
标普道琼斯A股,002311.SZ
标普道琼斯A股,002352.SZ
标普道琼斯A股,002371.SZ
标普道琼斯A股,002410.SZ
标普道琼斯A股,002414.SZ
标普道琼斯A股,002415.SZ
标普道琼斯A股,002460.SZ
标普道琼斯A股,002466.SZ
标普道琼斯A股,002475.SZ
标普道琼斯A股,002493.SZ
标普道琼斯A股,002555.SZ
标普道琼斯A股,002594.SZ
标普道琼斯A股,002600.SZ
标普道琼斯A股,002601.SZ
标普道琼斯A股,002602.SZ
标普道琼斯A股,002648.SZ
标普道琼斯A股,002709.SZ
标普道琼斯A股,002714.SZ
标普道琼斯A股,002736.SZ
标普道琼斯A股,002812.SZ
标普道琼斯A股,002821.SZ
标普道琼斯A股,002841.SZ
标普道琼斯A股,002916.SZ
标普道琼斯A股,002920.SZ
标普道琼斯A股,002938.SZ
标普道琼斯A股,600000.SH
标普道琼斯A股,600009.SH
标普道琼斯A股,600010.SH
标普道琼斯A股,600011.SH
标普道琼斯A股,600015.SH
标普道琼斯A股,600016.SH
标普道琼斯A股,600018.SH
标普道琼斯A股,600019.SH
标普道琼斯A股,600025.SH
标普道琼斯A股,600028.SH
标普道琼斯A股,600029.SH
标普道琼斯A股,600030.SH
标普道琼斯A股,600031.SH
标普道琼斯A股,600036.SH
标普道琼斯A股,600039.SH
标普道琼斯A股,600048.SH
标普道琼斯A股,600050.SH
标普道琼斯A股,600061.SH
标普道琼斯A股,600085.SH
标普道琼斯A股,600089.SH
标普道琼斯A股,600104.SH
标普道琼斯A股,600111.SH
标普道琼斯A股,600115.SH
标普道琼斯A股,600132.SH
标普道琼斯A股,600176.SH
标普道琼斯A股,600183.SH
标普道琼斯A股,600188.SH
标普道琼斯A股,600196.SH
标普道琼斯A股,600219.SH
标普道琼斯A股,600233.SH
标普道琼斯A股,600276.SH
标普道琼斯A股,600309.SH
标普道琼斯A股,600332.SH
标普道琼斯A股,600346.SH
标普道琼斯A股,600362.SH
标普道琼斯A股,600383.SH
标普道琼斯A股,600406.SH
标普道琼斯A股,600426.SH
标普道琼斯A股,600436.SH
标普道琼斯A股,600438.SH
标普道琼斯A股,600460.SH
标普道琼斯A股,600519.SH
标普道琼斯A股,600547.SH
标普道琼斯A股,600570.SH
标普道琼斯A股,600584.SH
标普道琼斯A股,600585.SH
标普道琼斯A股,600588.SH
标普道琼斯A股,600600.SH
标普道琼斯A股,600606.SH
标普道琼斯A股,600660.SH
标普道琼斯A股,600674.SH
标普道琼斯A股,600690.SH
标普道琼斯A股,600741.SH
标普道琼斯A股,600760.SH
标普道琼斯A股,600763.SH
标普道琼斯A股,600795.SH
标普道琼斯A股,600809.SH
标普道琼斯A股,600837.SH
标普道琼斯A股,600845.SH
标普道琼斯A股,600884.SH
标普道琼斯A股,600886.SH
标普道琼斯A股,600887.SH
标普道琼斯A股,600893.SH
标普道琼斯A股,600900.SH
标普道琼斯A股,600919.SH
标普道琼斯A股,600926.SH
标普道琼斯A股,600958.SH
标普道琼斯A股,600999.SH
标普道琼斯A股,601006.SH
标普道琼斯A股,601009.SH
标普道琼斯A股,601012.SH
标普道琼斯A股,601021.SH
标普道琼斯A股,601066.SH
标普道琼斯A股,601088.SH
标普道琼斯A股,601100.SH
标普道琼斯A股,601111.SH
标普道琼斯A股,601117.SH
标普道琼斯A股,601138.SH
标普道琼斯A股,601155.SH
标普道琼斯A股,601166.SH
标普道琼斯A股,601169.SH
标普道琼斯A股,601186.SH
标普道琼斯A股,601211.SH
标普道琼斯A股,601216.SH
标普道琼斯A股,601225.SH
标普道琼斯A股,601229.SH
标普道琼斯A股,601238.SH
标普道琼斯A股,601288.SH
标普道琼斯A股,601318.SH
标普道琼斯A股,601319.SH
标普道琼斯A股,601328.SH
标普道琼斯A股,601336.SH
标普道琼斯A股,601360.SH
标普道琼斯A股,601377.SH
标普道琼斯A股,601390.SH
标普道琼斯A股,601398.SH
标普道琼斯A股,601600.SH
标普道琼斯A股,601601.SH
标普道琼斯A股,601615.SH
标普道琼斯A股,601618.SH
标普道琼斯A股,601628.SH
标普道琼斯A股,601633.SH
标普道琼斯A股,601668.SH
标普道琼斯A股,601669.SH
标普道琼斯A股,601688.SH
标普道琼斯A股,601689.SH
标普道琼斯A股,601766.SH
标普道琼斯A股,601788.SH
标普道琼斯A股,601799.SH
标普道琼斯A股,601800.SH
标普道琼斯A股,601808.SH
标普道琼斯A股,601818.SH
标普道琼斯A股,601838.SH
标普道琼斯A股,601857.SH
标普道琼斯A股,601865.SH
标普道琼斯A股,601877.SH
标普道琼斯A股,601878.SH
标普道琼斯A股,601881.SH
标普道琼斯A股,601888.SH
标普道琼斯A股,601898.SH
标普道琼斯A股,601899.SH
标普道琼斯A股,601901.SH
标普道琼斯A股,601919.SH
标普道琼斯A股,601939.SH
标普道琼斯A股,601966.SH
标普道琼斯A股,601985.SH
标普道琼斯A股,601988.SH
标普道琼斯A股,601989.SH
标普道琼斯A股,601998.SH
标普道琼斯A股,603019.SH
标普道琼斯A股,603185.SH
标普道琼斯A股,603259.SH
标普道琼斯A股,603260.SH
柴油发电,000338.SZ
柔性屏,000100.SZ
柔性屏,000725.SZ
柔性屏,002600.SZ
村镇银行,002120.SZ
村镇银行,600188.SH
村镇银行,600926.SH
村镇银行,601169.SH
村镇银行,601328.SH
机械装备,000157.SZ
机械装备,000425.SZ
机械装备,002459.SZ
机械装备,600031.SH
机构重仓,000596.SZ
机构重仓,000708.SZ
机构重仓,001979.SZ
机构重仓,002032.SZ
机构重仓,002050.SZ
机构重仓,002179.SZ
机构重仓,002371.SZ
机构重仓,002736.SZ
机构重仓,300661.SZ
机构重仓,600011.SH
机构重仓,600015.SH
机构重仓,600018.SH
机构重仓,600025.SH
机构重仓,600029.SH
机构重仓,600039.SH
机构重仓,600061.SH
机构重仓,600085.SH
机构重仓,600115.SH
机构重仓,600132.SH
机构重仓,600188.SH
机构重仓,600383.SH
机构重仓,600606.SH
机构重仓,600674.SH
机构重仓,600741.SH
机构重仓,600803.SH
机构重仓,600845.SH
机构重仓,600886.SH
机构重仓,601006.SH
机构重仓,601021.SH
机构重仓,601111.SH
机构重仓,601117.SH
机构重仓,601155.SH
机构重仓,601186.SH
机构重仓,601225.SH
机构重仓,601236.SH
机构重仓,601618.SH
机构重仓,601689.SH
机构重仓,601800.SH
机构重仓,601881.SH
机构重仓,601898.SH
机构重仓,601901.SH
机构重仓,601966.SH
机构重仓,601985.SH
机构重仓,603899.SH
机构重仓,688036.SH
机器视觉,002236.SZ
机器视觉,002415.SZ
机器学习,000977.SZ
机器学习,002230.SZ
期货概念,000166.SZ
期货概念,000776.SZ
期货概念,300059.SZ
期货概念,600030.SH
期货概念,600061.SH
期货概念,600837.SH
期货概念,600918.SH
期货概念,600958.SH
期货概念,601211.SH
期货概念,601236.SH
期货概念,601688.SH
期货概念,601878.SH
期货概念,601901.SH
服务机器人,000938.SZ
服务机器人,002230.SZ
服务机器人,300033.SZ
服务机器人,600690.SH
服务机器人,603486.SH
有机硅,002709.SZ
有机硅,603260.SH
有声读物,002230.SZ
智能音箱,002230.SZ
智能音箱,002241.SZ
智能音箱,002475.SZ
智能音箱,002600.SZ
智能音箱,300223.SZ
智能金融,300033.SZ
智能金融,600570.SH
智能穿戴,000063.SZ
智能穿戴,000725.SZ
智能穿戴,002230.SZ
智能穿戴,002241.SZ
智能穿戴,002841.SZ
智能穿戴,300223.SZ
智能穿戴,300408.SZ
智能穿戴,300433.SZ
智能穿戴,300496.SZ
智能穿戴,600460.SH
智能穿戴,600584.SH
智能穿戴,601360.SH
智能眼镜,002241.SZ
智能眼镜,300223.SZ
智能电视,000725.SZ
智能电视,002230.SZ
智能电视,300496.SZ
智能电网,002074.SZ
智能电网,300014.SZ
智能电网,600089.SH
智能电网,600406.SH
智能电网,601877.SH
智能物流,002120.SZ
智能物流,002236.SZ
智能物流,002352.SZ
智能物流,600233.SH
智能汽车,000625.SZ
智能汽车,002230.SZ
智能汽车,002594.SZ
智能汽车,002920.SZ
智能汽车,300496.SZ
智能汽车,600104.SH
智能汽车,600741.SH
智能汽车,600845.SH
智能汽车,601238.SH
智能手表,000063.SZ
智能手表,300223.SZ
智能手表,600584.SH
智能家居,000100.SZ
智能家居,000333.SZ
智能家居,000651.SZ
智能家居,002230.SZ
智能家居,002236.SZ
智能家居,002241.SZ
智能家居,002841.SZ
智能家居,300433.SZ
智能家居,600050.SH
智能家居,600690.SH
智能家居,603195.SH
智能家居,603486.SH
智能家居,688599.SH
智能医疗,000725.SZ
智能医疗,002230.SZ
智能医疗,600588.SH
智能交通,000938.SZ
智能交通,002415.SZ
智慧城市,000063.SZ
智慧城市,000938.SZ
智慧城市,000977.SZ
智慧城市,002230.SZ
智慧城市,002236.SZ
智慧城市,002410.SZ
智慧城市,002415.SZ
智慧城市,601138.SH
智慧城市,601360.SH
智慧党建,002230.SZ
智慧党建,600588.SH
显卡,000977.SZ
春节概念,000568.SZ
春节概念,000858.SZ
春节概念,000895.SZ
春节概念,600600.SH
春节概念,600809.SH
春节概念,601888.SH
无线耳机,002230.SZ
无线耳机,002241.SZ
无线耳机,002460.SZ
无线耳机,002475.SZ
无线耳机,002600.SZ
无线耳机,002938.SZ
无线耳机,300014.SZ
无线耳机,300207.SZ
无线耳机,300433.SZ
无线耳机,300661.SZ
无线耳机,600745.SH
无线耳机,603501.SH
无线耳机,603986.SH
无线充电,002475.SZ
无线充电,002600.SZ
无线充电,300207.SZ
无线充电,600690.SH
无人驾驶,000625.SZ
无人驾驶,002414.SZ
无人驾驶,002594.SZ
无人驾驶,002920.SZ
无人驾驶,300496.SZ
无人驾驶,600104.SH
无人驾驶,601633.SH
无人驾驶,601689.SH
无人驾驶,601799.SH
旅游,000069.SZ
旅游,001979.SZ
旅游,600606.SH
旅游,601888.SH
新能源物流车,000425.SZ
新能源整车,000338.SZ
新能源整车,000625.SZ
新能源整车,000723.SZ
新能源整车,002594.SZ
新能源整车,300124.SZ
新能源整车,600104.SH
新能源整车,601238.SH
新能源整车,601633.SH
新能源,000625.SZ
新能源,002074.SZ
新能源,002371.SZ
新能源,002460.SZ
新能源,002594.SZ
新能源,300014.SZ
新能源,300207.SZ
新能源,300274.SZ
新能源,300316.SZ
新能源,300450.SZ
新能源,600011.SH
新能源,600674.SH
新能源,600795.SH
新能源,600884.SH
新能源,600886.SH
新能源,600900.SH
新能源,601012.SH
新能源,601669.SH
新能源,603659.SH
新股与次新股,300896.SZ
新股与次新股,300919.SZ
新股与次新股,300999.SZ
新股与次新股,600918.SH
新股与次新股,601995.SH
新股与次新股,603392.SH
新股与次新股,688065.SH
新股与次新股,688126.SH
新股与次新股,688169.SH
新股与次新股,688396.SH
新股与次新股,688561.SH
新股与次新股,688599.SH
新股与次新股,688981.SH
新疆自贸区,002202.SZ
新疆振兴,000877.SZ
新疆振兴,002202.SZ
新疆振兴,600089.SH
新材料概念,002001.SZ
新材料概念,002129.SZ
新材料概念,002271.SZ
新材料概念,002460.SZ
新材料概念,002600.SZ
新材料概念,002709.SZ
新材料概念,300433.SZ
新材料概念,600111.SH
新材料概念,600176.SH
新材料概念,600309.SH
新材料概念,600584.SH
新材料概念,600884.SH
新材料概念,603260.SH
新材料概念,603799.SH
新材料概念,603806.SH
新材料概念,688065.SH
新基建,300124.SZ
新型城镇化,000157.SZ
新型城镇化,000338.SZ
新型城镇化,600104.SH
新型城镇化,600585.SH
新型城镇化,601877.SH
新冠检测,002252.SZ
新冠检测,600196.SH
新冠检测,603392.SH
新冠检测,603882.SH
新三板精选层概念,002179.SZ
新三板精选层概念,600030.SH
新三板精选层概念,600918.SH
数据存储,000977.SZ
数据中心,000977.SZ
数据中心,002602.SZ
数据中心,600010.SH
数据中心,600406.SH
数据中心,600845.SH
数据中心,603019.SH
数字货币,002049.SZ
数字孪生,002230.SZ
数字孪生,002410.SZ
数字孪生,601668.SH
数字中国,002230.SZ
搜索引擎,601360.SH
排水,601669.SH
换芯,002049.SZ
振兴东北,000661.SZ
振兴东北,600346.SH
振兴东北,600795.SH
挖掘机,000157.SZ
挖掘机,000425.SZ
挖掘机,600031.SH
挖掘机,601100.SH
指纹技术,300408.SZ
抗辐射药,600276.SH
抗艾滋病,000661.SZ
抗艾滋病,002001.SZ
抗艾滋病,300122.SZ
抗肿瘤,600276.SH
抗癌,000963.SZ
抗癌,002821.SZ
抗癌,300122.SZ
抗癌,300142.SZ
抗癌,600196.SH
抗癌,600276.SH
抗癌,600436.SH
手足口病,002007.SZ
手机游戏,002555.SZ
手机游戏,002602.SZ
手势识别,600460.SH
手势识别,600745.SH
成渝特区,000568.SZ
成渝特区,000625.SZ
成渝特区,000858.SZ
成渝特区,600039.SH
成渝特区,600132.SH
成渝特区,600674.SH
感知氧气,600276.SH
情人节,600332.SH
恒大概念,002050.SZ
恒大概念,600660.SH
态势感知,000938.SZ
态势感知,002236.SZ
态势感知,300454.SZ
态势感知,688561.SH
快递,002120.SZ
快递,002352.SZ
快递,600233.SH
征信,002410.SZ
征信,600588.SH
征信,601318.SH
影视娱乐,002555.SZ
影视娱乐,300413.SZ
建筑节能,000786.SZ
建筑节能,600309.SH
建筑涂料,002271.SZ
广告营销,002027.SZ
广告营销,601360.SH
广东国资改革,002736.SZ
广东国资改革,002920.SZ
广东国资改革,600332.SH
广东国资改革,601238.SH
幼儿教育,603899.SH
年报预增,000100.SZ
年报预增,000157.SZ
年报预增,000661.SZ
年报预增,000725.SZ
年报预增,000733.SZ
年报预增,000786.SZ
年报预增,002001.SZ
年报预增,002027.SZ
年报预增,002049.SZ
年报预增,002074.SZ
年报预增,002241.SZ
年报预增,002252.SZ
年报预增,002271.SZ
年报预增,002460.SZ
年报预增,002475.SZ
年报预增,002493.SZ
年报预增,002594.SZ
年报预增,002709.SZ
年报预增,002714.SZ
年报预增,002920.SZ
年报预增,300033.SZ
年报预增,300059.SZ
年报预增,300124.SZ
年报预增,300142.SZ
年报预增,300274.SZ
年报预增,300347.SZ
年报预增,300408.SZ
年报预增,300413.SZ
年报预增,300433.SZ
年报预增,300496.SZ
年报预增,300661.SZ
年报预增,300759.SZ
年报预增,300763.SZ
年报预增,300782.SZ
年报预增,300919.SZ
年报预增,600011.SH
年报预增,600039.SH
年报预增,600547.SH
年报预增,600584.SH
年报预增,600745.SH
年报预增,600760.SH
年报预增,601012.SH
年报预增,601066.SH
年报预增,601100.SH
年报预增,601216.SH
年报预增,601236.SH
年报预增,601377.SH
年报预增,601615.SH
年报预增,601788.SH
年报预增,601865.SH
年报预增,601877.SH
年报预增,601878.SH
年报预增,601899.SH
年报预增,601995.SH
年报预增,603185.SH
年报预增,603259.SH
年报预增,603392.SH
年报预增,603486.SH
年报预增,603501.SH
年报预增,603799.SH
年报预增,603806.SH
年报预增,603882.SH
平安资管持股,600346.SH
干细胞,600196.SH
己二酸,600309.SH
己二酸,600426.SH
工程建材,000877.SZ
工业机器人,000333.SZ
工业机器人,000723.SZ
工业机器人,002241.SZ
工业机器人,002415.SZ
工业机器人,300124.SZ
工业机器人,300316.SZ
工业机器人,300433.SZ
工业机器人,601138.SH
工业大麻,000538.SZ
工业互联网,000100.SZ
工业互联网,000157.SZ
工业互联网,000333.SZ
工业互联网,000425.SZ
工业互联网,000651.SZ
工业互联网,002241.SZ
工业互联网,300124.SZ
工业互联网,300433.SZ
工业互联网,600588.SH
工业互联网,600690.SH
工业互联网,600845.SH
工业互联网,601138.SH
工业互联网,688396.SH
工业4.0,000100.SZ
工业4.0,000425.SZ
工业4.0,002415.SZ
工业4.0,300124.SZ
工业4.0,300316.SZ
工业4.0,300450.SZ
工业4.0,600031.SH
工业4.0,600089.SH
工业4.0,600176.SH
工业4.0,600690.SH
工业4.0,601100.SH
工业4.0,601689.SH
工业4.0,603185.SH
山西国资改革,600809.SH
山东国资改革,000977.SZ
山东国资改革,600188.SH
山东国资改革,600309.SH
山东国资改革,600547.SH
山东国资改革,600600.SH
山东国资改革,600918.SH
屏下指纹技术,000725.SZ
尿素,600426.SH
小鹏汽车概念,002050.SZ
小鹏汽车概念,002920.SZ
小鹏汽车概念,300124.SZ
小鹏汽车概念,600660.SH
小额贷款,002027.SZ
小额贷款,002410.SZ
小额贷款,002600.SZ
小额贷款,002601.SZ
小额贷款,300059.SZ
小额贷款,300413.SZ
小额贷款,600048.SH
小额贷款,600887.SH
小额贷款,601216.SH
小额贷款,601360.SH
小米概念,000100.SZ
小米概念,000725.SZ
小米概念,002241.SZ
小米概念,002600.SZ
小米概念,002841.SZ
小米概念,300207.SZ
小米概念,300408.SZ
小米概念,300433.SZ
小米概念,688169.SH
寨卡病毒概念,002414.SZ
寨卡病毒概念,300122.SZ
寒武纪概念,002230.SZ
寒武纪概念,300496.SZ
寒武纪概念,600606.SH
寒武纪概念,603019.SH
富士康概念,002241.SZ
富士康概念,002600.SZ
富士康概念,002916.SZ
富士康概念,601138.SH
宽带中国,000063.SZ
宽带中国,300408.SZ
宽带中国,600050.SH
家用电器,000333.SZ
家用电器,000651.SZ
家用电器,002032.SZ
家用电器,002050.SZ
家用电器,600690.SH
家用电器,603195.SH
家用电器,603486.SH
家庭农场,300498.SZ
宝马概念,601799.SH
宝能系,000002.SZ
宝能系,000069.SZ
宝能系,000651.SZ
安防,000938.SZ
安防,002236.SZ
安防,002414.SZ
安防,002415.SZ
安防,300014.SZ
安防,601360.SH
安徽自贸区,600585.SH
安徽国资改革,000596.SZ
安徽国资改革,600585.SH
宁德时代概念,000100.SZ
宁德时代概念,000157.SZ
宁德时代概念,000625.SZ
宁德时代概念,002008.SZ
宁德时代概念,002709.SZ
宁德时代概念,300450.SZ
宁德时代概念,300750.SZ
宁德时代概念,300769.SZ
宁德时代概念,300919.SZ
宁德时代概念,600104.SH
宁德时代概念,600884.SH
宁德时代概念,601238.SH
宁德时代概念,603659.SH
宁德时代概念,603799.SH
存储芯片,002049.SZ
存储芯片,002916.SZ
存储芯片,603986.SH
嫦娥概念,002179.SZ
嫦娥概念,002414.SZ
太阳能,002129.SZ
太阳能,300274.SZ
太阳能,300316.SZ
太阳能,300751.SZ
太阳能,600089.SH
太阳能,600438.SH
太阳能,600660.SH
太阳能,600884.SH
太阳能,600886.SH
太阳能,601012.SH
太阳能,603806.SH
太赫兹,000100.SZ
太空望远镜,000733.SZ
天然气,000723.SZ
天然气,002601.SZ
天然气,600028.SH
天然气,600803.SH
天然气,601808.SH
天然气,601857.SH
大飞机,000768.SZ
大飞机,002049.SZ
大飞机,002179.SZ
大飞机,600115.SH
大飞机,600219.SH
大飞机,600893.SH
大连自贸区,600346.SH
大疆创新概念,300207.SZ
大消费,000333.SZ
大消费,000538.SZ
大消费,000568.SZ
大消费,000596.SZ
大消费,000651.SZ
大消费,000858.SZ
大消费,000895.SZ
大消费,002032.SZ
大消费,002304.SZ
大消费,002594.SZ
大消费,300999.SZ
大消费,600009.SH
大消费,600029.SH
大消费,600085.SH
大消费,600104.SH
大消费,600115.SH
大消费,600132.SH
大消费,600196.SH
大消费,600519.SH
大消费,600600.SH
大消费,600690.SH
大消费,600809.SH
大消费,600887.SH
大消费,601111.SH
大消费,601888.SH
大消费,603288.SH
大消费,603833.SH
大数据,000938.SZ
大数据,002415.SZ
大数据,300033.SZ
大数据,600050.SH
大数据,600588.SH
大数据,600845.SH
大数据,601138.SH
大数据,601360.SH
大数据,603019.SH
大数据,688561.SH
大国重器标的,000425.SZ
大国重器标的,600031.SH
大国重器标的,600893.SH
大上海,002074.SZ
多肽药,600436.SH
多晶硅,300274.SZ
多晶硅,300316.SZ
多晶硅,600089.SH
多晶硅,600438.SH
多晶硅,600795.SH
多晶硅,601012.SH
多晶硅,603260.SH
外资券商影子股,601901.SH
外汇局持股,601398.SH
增强现实,002236.SZ
增强现实,002241.SZ
增强现实,300496.SZ
基建工程,601186.SH
基建工程,601390.SH
基建工程,601618.SH
基建工程,601668.SH
基建工程,601669.SH
基建工程,601800.SH
基因芯片,603882.SH
基因疗法,002007.SZ
基因测序,603019.SH
基因测序,603259.SH
基因测序,603882.SH
埃博拉概念,002414.SZ
地方国资改革,000568.SZ
地方国资改革,000596.SZ
地方国资改革,000661.SZ
地方国资改革,000725.SZ
地方国资改革,000792.SZ
地方国资改革,000858.SZ
地方国资改革,000938.SZ
地方国资改革,000977.SZ
地方国资改革,002049.SZ
地方国资改革,002230.SZ
地方国资改革,002304.SZ
地方国资改革,002371.SZ
地方国资改革,002736.SZ
地方国资改革,002920.SZ
地方国资改革,300413.SZ
地方国资改革,600009.SH
地方国资改革,600010.SH
地方国资改革,600018.SH
地方国资改革,600039.SH
地方国资改革,600085.SH
地方国资改革,600104.SH
地方国资改革,600111.SH
地方国资改革,600188.SH
地方国资改革,600309.SH
地方国资改革,600332.SH
地方国资改革,600362.SH
地方国资改革,600436.SH
地方国资改革,600519.SH
地方国资改革,600547.SH
地方国资改革,600585.SH
地方国资改革,600600.SH
地方国资改革,600674.SH
地方国资改革,600809.SH
地方国资改革,600918.SH
地方国资改革,600926.SH
地方国资改革,601211.SH
地方国资改革,601225.SH
地方国资改革,601238.SH
地方国资改革,601377.SH
地方国资改革,601688.SH
地方国资改革,601878.SH
地方国资改革,601899.SH
地方国资改革,603369.SH
地下管网,601668.SH
在线旅游,601888.SH
在线教育,002230.SZ
在线教育,002555.SZ
在线教育,002841.SZ
图像识别,002415.SZ
图像识别,300496.SZ
国际板,000895.SZ
国际板,002032.SZ
国资驰援,300207.SZ
国改双百行动,002371.SZ
国改双百行动,600547.SH
国改双百行动,601186.SH
国改双百行动,601618.SH
国改双百行动,601668.SH
国改双百行动,601669.SH
国投系,600061.SH
国投系,600886.SH
国家大基金持股,002180.SZ
国家大基金持股,002371.SZ
国家大基金持股,600584.SH
国家大基金持股,603986.SH
国家大基金持股,688126.SH
国家大基金持股,688396.SH
国六标准、国六排放、国六,000338.SZ
国产软件,000977.SZ
国产软件,002230.SZ
国产软件,002410.SZ
国产软件,300033.SZ
国产软件,600570.SH
国产软件,600588.SH
国产软件,600845.SH
国产软件,601360.SH
国产软件,688111.SH
国产软件,688561.SH
国产航母,000768.SZ
国产航母,002179.SZ
国产航母,600150.SH
国产航母,600893.SH
国产航母,601989.SH
国产替代,000938.SZ
国产替代,000977.SZ
国产替代,002049.SZ
国产替代,600588.SH
国产操作系统,000063.SZ
国产操作系统,000938.SZ
国产操作系统,000977.SZ
国产操作系统,300496.SZ
国产操作系统,601360.SH
国产操作系统,688036.SH
国产伟哥,600332.SH
固态硬盘,000938.SZ
固态电池,002074.SZ
固态电池,002460.SZ
固态电池,002466.SZ
固态电池,002709.SZ
固态电池,600884.SH
固废处理,000157.SZ
四川国资改革,600039.SH
四川国资改革,600674.SH
啤酒概念,600132.SH
啤酒概念,600600.SH
商誉减值,000338.SZ
商誉减值,000938.SZ
商誉减值,002180.SZ
商誉减值,002602.SZ
商誉减值,600690.SH
商汤科技概念,002230.SZ
商品新零售,600600.SH
哮喘,600276.SH
含B股,000596.SZ
含B股,000625.SZ
含B股,000725.SZ
含B股,600845.SH
吉林国资改革,000661.SZ
史玉柱概念,600016.SH
史玉柱概念,600837.SH
台湾概念股,002241.SZ
台湾概念股,002475.SZ
台湾概念股,002938.SZ
台湾概念股,300347.SZ
台湾概念股,300496.SZ
台湾概念股,601138.SH
可降解塑料,002064.SZ
可降解塑料,600346.SH
可降解塑料,688065.SH
可燃冰,600028.SH
可燃冰,601808.SH
可燃冰,601857.SH
口罩,000538.SZ
口罩,000651.SZ
口罩,002594.SZ
口罩,300433.SZ
口罩,600989.SH
反恐,002236.SZ
反恐,002414.SZ
反恐,002415.SZ
反恐,600760.SH
双十一,002120.SZ
双十一,002352.SZ
双十一,300413.SZ
双十一,600233.SH
参股银行,000100.SZ
参股银行,000876.SZ
参股银行,002714.SZ
参股银行,600018.SH
参股银行,600019.SH
参股银行,600030.SH
参股银行,600104.SH
参股银行,600188.SH
参股银行,600606.SH
参股银行,600884.SH
参股银行,600900.SH
参股银行,601216.SH
参股银行,601318.SH
参股银行,601360.SH
参股银行,601601.SH
参股银行,601628.SH
参股民营银行,000858.SZ
参股民营银行,002064.SZ
参股民营银行,002271.SZ
参股民营银行,600031.SH
参股民营银行,600588.SH
参股民营银行,601877.SH
参股新股,600030.SH
参股新股,600089.SH
参股新股,600104.SH
参股新三板,000100.SZ
参股新三板,000661.SZ
参股新三板,000776.SZ
参股新三板,000786.SZ
参股新三板,000938.SZ
参股新三板,002129.SZ
参股新三板,002555.SZ
参股新三板,600111.SH
参股新三板,600588.SH
参股新三板,600884.SH
参股新三板,601238.SH
参股新三板,601377.SH
参股新三板,601390.SH
参股新三板,603019.SH
参股安世半导体,600745.SH
参股券商,000538.SZ
参股券商,000568.SZ
参股券商,000733.SZ
参股券商,000858.SZ
参股券商,002304.SZ
参股券商,600048.SH
参股券商,600362.SH
参股券商,600741.SH
参股券商,601216.SH
参股券商,601390.SH
参股券商,601800.SH
参股保险,000100.SZ
参股保险,002271.SZ
参股保险,600061.SH
参股保险,600219.SH
参股保险,600588.SH
参股保险,601155.SH
参股保险,601169.SH
参股保险,601216.SH
参股保险,601766.SH
参股保险,601857.SH
参股万达商业,600104.SH
参股万达商业,600383.SH
参股万达商业,600884.SH
参股万达商业,600999.SH
参股万达商业,601211.SH
参股万达商业,601390.SH
去IOE,000977.SZ
去IOE,600588.SH
厄尔尼诺概念,600132.SH
厄尔尼诺概念,600600.SH
厄尔尼诺概念,600690.SH
危废处理,600183.SH
卫星导航,300782.SZ
卫星导航,601698.SH
单抗,002007.SZ
单抗,600196.SH
单抗,600276.SH
华为海思概念股,002371.SZ
华为海思概念股,300496.SZ
华为海思概念股,600584.SH
华为汽车,000625.SZ
华为汽车,002050.SZ
华为汽车,600104.SH
华为概念,000100.SZ
华为概念,000725.SZ
华为概念,000800.SZ
华为概念,002008.SZ
华为概念,002049.SZ
华为概念,002074.SZ
华为概念,002179.SZ
华为概念,002230.SZ
华为概念,002241.SZ
华为概念,002475.SZ
华为概念,002600.SZ
华为概念,002916.SZ
华为概念,002938.SZ
华为概念,300207.SZ
华为概念,300408.SZ
华为概念,300433.SZ
华为概念,300496.SZ
华为概念,300782.SZ
华为概念,600104.SH
华为概念,600183.SH
华为概念,600460.SH
华为概念,600745.SH
华为概念,603501.SH
华为概念,603882.SH
医药电商,000963.SZ
医药电商,600332.SH
医美概念,000963.SZ
医美概念,300015.SZ
医美概念,300896.SZ
医美概念,688363.SH
医疗器械概念,000725.SZ
医疗器械概念,300015.SZ
医疗器械概念,300347.SZ
医疗器械概念,300529.SZ
医疗器械概念,300595.SZ
医疗器械概念,300760.SZ
医疗器械概念,300896.SZ
医疗器械概念,600196.SH
医疗器械概念,600332.SH
医疗器械概念,600763.SH
医疗器械概念,603882.SH
医学影像,300760.SZ
医保目录,000538.SZ
医保目录,000963.SZ
医保目录,002007.SZ
医保目录,600085.SH
医保目录,600196.SH
医保目录,600276.SH
区块链应用,600050.SH
区块链应用,600570.SH
区块链应用,600588.SH
区块链应用,688012.SH
北汽新能源,002074.SZ
北汽新能源,002920.SZ
北京国资改革,000725.SZ
北京国资改革,002371.SZ
北京国资改革,600085.SH
化肥,002466.SZ
化妆护肤品,000963.SZ
动漫,002555.SZ
动力电池回收,002074.SZ
动力电池回收,600104.SH
动力电池回收,600884.SH
创新药,000661.SZ
创新药,000963.SZ
创新药,002821.SZ
创新药,300122.SZ
创新药,300347.SZ
创新药,300759.SZ
创新药,600196.SH
创新药,600276.SH
创新药,600332.SH
创新药,603259.SH
创投,002555.SZ
创投,300015.SZ
创投,600884.SH
创投,600900.SH
创投,603019.SH
分拆上市意愿,000661.SZ
分拆上市意愿,000723.SZ
分拆上市意愿,002008.SZ
分拆上市意愿,002241.SZ
分拆上市意愿,002594.SZ
分拆上市意愿,600183.SH
分拆上市意愿,600196.SH
分拆上市意愿,600332.SH
分拆上市意愿,600436.SH
分拆上市意愿,601186.SH
分拆上市意愿,601390.SH
冷链物流,000963.SZ
冷链物流,002352.SZ
冷链物流,603882.SH
冰雪产业,000002.SZ
冬虫夏草,000963.SZ
冬虫夏草,600085.SH
冬虫夏草,600436.SH
农村电商,000876.SZ
农村电商,300413.SZ
农村电商,600438.SH
农机,000157.SZ
农机,000338.SZ
军用无人机,002352.SZ
军民融合,000733.SZ
军民融合,002179.SZ
军民融合,002414.SZ
军民融合,600031.SH
军民融合,600150.SH
军民融合,601989.SH
军工,000425.SZ
军工,000733.SZ
军工,000768.SZ
军工,000800.SZ
军工,000977.SZ
军工,002049.SZ
军工,002179.SZ
军工,002180.SZ
军工,002371.SZ
军工,002414.SZ
军工,002756.SZ
军工,600031.SH
军工,600150.SH
军工,600760.SH
军工,600893.SH
军工,601698.SH
军工,601989.SH
军工,688561.SH
再生金属,600111.SH
再生金属,600362.SH
再生金属,601600.SH
内存,603986.SH
兽药,000661.SZ
养鸡,000876.SZ
养鸡,300498.SZ
养老金持股,000963.SZ
养老金持股,002756.SZ
养老金持股,600132.SH
养老金持股,600176.SH
养老金持股,600886.SH
养老金持股,600989.SH
养老金持股,601689.SH
养老金持股,601799.SH
养老概念,001979.SZ
养老概念,002008.SZ
养老地产,600048.SH
共享汽车,600104.SH
共享办公,600606.SH
公路建设,000157.SZ
公路建设,601800.SH
全面屏,000725.SZ
全面屏,002008.SZ
全息手机,002414.SZ
全屋定制,603833.SH
兜底增持,002271.SZ
免税店,001979.SZ
免税店,600018.SH
免税店,600606.SH
免税店,601021.SH
免税店,601888.SH
光纤,000063.SZ
光纤,002008.SZ
光刻胶,002008.SZ
光伏玻璃,601865.SH
光伏概念,002008.SZ
光伏概念,002129.SZ
光伏概念,002371.SZ
光伏概念,002459.SZ
光伏概念,002594.SZ
光伏概念,300124.SZ
光伏概念,300274.SZ
光伏概念,300316.SZ
光伏概念,300450.SZ
光伏概念,300751.SZ
光伏概念,300763.SZ
光伏概念,600011.SH
光伏概念,600089.SH
光伏概念,600406.SH
光伏概念,600438.SH
光伏概念,600884.SH
光伏概念,601012.SH
光伏概念,601615.SH
光伏概念,601618.SH
光伏概念,601865.SH
光伏概念,601877.SH
光伏概念,603185.SH
光伏概念,603806.SH
光伏概念,688599.SH
充电桩,002074.SZ
充电桩,002594.SZ
充电桩,300274.SZ
充电桩,600089.SH
充电桩,600406.SH
充电桩,600884.SH
元器件,000733.SZ
元器件,002050.SZ
元器件,002241.SZ
元器件,002371.SZ
元器件,002475.SZ
元器件,600183.SH
元器件,600460.SH
儿童医药医疗,000661.SZ
儿童医药医疗,600763.SH
储能,002074.SZ
储能,002594.SZ
储能,300014.SZ
储能,300274.SZ
储能,300750.SZ
储能,300769.SZ
储能,601877.SH
健康中国,000538.SZ
健康中国,000725.SZ
健康中国,300015.SZ
健康中国,300122.SZ
健康中国,300347.SZ
健康中国,600332.SH
健康中国,600436.SH
健康中国,600606.SH
健康中国,600745.SH
健康中国,603882.SH
债转股,601390.SH
债转股,601600.SH
债转股,601688.SH
信托概念,600000.SH
信托概念,600061.SH
保健品,600332.SH
保健品,600436.SH
供气,600019.SH
供应链金融,600219.SH
供应链金融,603799.SH
体感交互,002414.SZ
体外诊断,002252.SZ
体外诊断,300760.SZ
体外诊断,600196.SH
体外诊断,603392.SH
体外诊断,603882.SH
住房租赁,000002.SZ
住房租赁,001979.SZ
住房租赁,600048.SH
住房租赁,601155.SH
传感器,002241.SZ
传感器,300433.SZ
传感器,600460.SH
传感器,603501.SH
优先股概念,000001.SZ
优先股概念,002142.SZ
优先股概念,002714.SZ
优先股概念,600000.SH
优先股概念,600015.SH
优先股概念,600016.SH
优先股概念,600036.SH
优先股概念,600919.SH
优先股概念,600926.SH
优先股概念,601009.SH
优先股概念,601166.SH
优先股概念,601169.SH
优先股概念,601229.SH
优先股概念,601288.SH
优先股概念,601328.SH
优先股概念,601398.SH
优先股概念,601668.SH
优先股概念,601669.SH
优先股概念,601800.SH
优先股概念,601818.SH
优先股概念,601939.SH
优先股概念,601988.SH
优先股概念,601998.SH
仿制药一致性评价,600196.SH
仿制药一致性评价,600276.SH
仿制药一致性评价,600332.SH
仿制药,000963.SZ
仿制药,600196.SH
仿制药,600276.SH
仪电仪表,002074.SZ
仪电仪表,002202.SZ
仪电仪表,300124.SZ
仪电仪表,600089.SH
仪电仪表,600406.SH
仪电仪表,601877.SH
今日头条概念,000977.SZ
人造肉,000895.SZ
人脸识别,002230.SZ
人脸识别,002236.SZ
人脸识别,002415.SZ
人脑工程,002230.SZ
人民币贬值受益,000333.SZ
人民币贬值受益,300759.SZ
人民币贬值受益,600547.SH
人民币贬值受益,600690.SH
人民币贬值受益,601899.SH
人民币贬值受益,688008.SH
人民币升值,600029.SH
人民币升值,600115.SH
人民币升值,601111.SH
人参,600085.SH
京东概念,000063.SZ
京东概念,002230.SZ
交通一卡通,002049.SZ
互联网钢铁,600019.SH
互联网金融,000776.SZ
互联网金融,002648.SZ
互联网金融,002756.SZ
互联网金融,300033.SZ
互联网金融,300059.SZ
互联网金融,600570.SH
互联网金融,600588.SH
互联网金融,600606.SH
互联网金融,601216.SH
互联网金融,601360.SH
互联网金融,601688.SH
互联网金融,601901.SH
互联网电力,600406.SH
互联网医疗,000725.SZ
互联网医疗,300015.SZ
互联网医疗,600196.SH
互联网医疗,600570.SH
互联网医疗,600588.SH
互联网券商,000776.SZ
互联网券商,300059.SZ
互联网券商,601688.SH
互联网券商,601788.SH
互联网券商,601901.SH
互联网保险,601318.SH
互联网保险,601336.SH
云通信,300628.SZ
云计算,000063.SZ
云计算,000100.SZ
云计算,000938.SZ
云计算,000977.SZ
云计算,002415.SZ
云计算,300274.SZ
云计算,300454.SZ
云计算,600570.SH
云计算,600588.SH
云计算,600845.SH
云计算,601360.SH
云计算,603019.SH
云计算,688008.SH
云游戏,002555.SZ
云游戏,002602.SZ
云办公,002841.SZ
云办公,300628.SZ
云办公,688111.SH
二胎概念,000661.SZ
二胎概念,002648.SZ
二胎概念,600763.SH
二胎概念,600887.SH
二胎概念,603899.SH
二手车,601238.SH
乳粉,600887.SH
乳业,300498.SZ
乳业,600887.SH
乙肝治疗,002007.SZ
乙肝治疗,300122.SZ
乙肝治疗,300142.SZ
乙肝治疗,300601.SZ
乙肝治疗,600332.SH
乙烯,600309.SH
乙二醇,600426.SH
举牌,600674.SH
举牌,600886.SH
中韩自贸区,601877.SH
中韩自贸区,601888.SH
中非合作,601117.SH
中非合作,601186.SH
中非合作,601668.SH
中非合作,601669.SH
中非合作,601800.SH
中非合作,601857.SH
中非合作,601899.SH
中铁系,601006.SH
中铁系,601390.SH
中铁系,601816.SH
中远系,601919.SH
中芯国际概念,002129.SZ
中芯国际概念,002371.SZ
中芯国际概念,600584.SH
中芯国际概念,603501.SH
中芯国际概念,688008.SH
中芯国际概念,688012.SH
中芯国际概念,688126.SH
中芯国际概念,688981.SH
中船系,600150.SH
中船系,601989.SH
中航系,000768.SZ
中航系,002179.SZ
中航系,002916.SZ
中航系,600760.SH
中航系,600893.SH
中科院系,603019.SH
中澳自贸区,000876.SZ
中概股回归,002027.SZ
中概股回归,002602.SZ
中概股回归,300015.SZ
中概股回归,601360.SH
中材系,000786.SZ
中材系,000877.SZ
中材系,600176.SH
中巴经济走廊,600089.SH
中巴经济走廊,601669.SH
中巴经济走廊,601800.SH
中巴经济走廊,601857.SH
中字头股票,003816.SZ
中字头股票,600028.SH
中字头股票,600050.SH
中字头股票,600150.SH
中字头股票,601088.SH
中字头股票,601111.SH
中字头股票,601117.SH
中字头股票,601186.SH
中字头股票,601318.SH
中字头股票,601319.SH
中字头股票,601390.SH
中字头股票,601600.SH
中字头股票,601601.SH
中字头股票,601618.SH
中字头股票,601628.SH
中字头股票,601668.SH
中字头股票,601669.SH
中字头股票,601698.SH
中字头股票,601766.SH
中字头股票,601800.SH
中字头股票,601857.SH
中字头股票,601888.SH
中字头股票,601898.SH
中字头股票,601919.SH
中字头股票,601985.SH
中字头股票,601988.SH
中字头股票,601989.SH
中医药,000538.SZ
中医药,600085.SH
中医药,600332.SH
中医药,600436.SH
中兵系,000625.SZ
两桶油改革,600028.SH
两桶油改革,601857.SH
东盟自贸区,000876.SZ
丙烯酸,002648.SZ
世界杯,600132.SH
世界杯,600600.SH
世界杯,601888.SH
上海自贸区,600009.SH
上海自贸区,600018.SH
上海自贸区,600845.SH
上海自贸区,688012.SH
上海国资改革,600009.SH
上海国资改革,600018.SH
上海国资改革,600104.SH
上海国资改革,600741.SH
上海国资改革,601211.SH
三网融合,000063.SZ
三星,000100.SZ
三星,002241.SZ
三星,002594.SZ
一号文件,000157.SZ
VPN,300454.SZ
VPN,603019.SH
VPN,688561.SH
TOF镜头,002241.SZ
TMT,000063.SZ
TMT,000100.SZ
TMT,000733.SZ
TMT,000938.SZ
TDI,600309.SH
ST板块,000408.SZ
ST板块,000792.SZ
SAAS,600588.SH
REITs,000002.SZ
REITs,002352.SZ
REITs,600048.SH
REITs,601155.SH
RCS富媒体通信,000063.SZ
PVC,000792.SZ
PVC,601216.SH
PTA,000301.SZ
PTA,002493.SZ
PTA,600346.SH
PPP概念,002236.SZ
PPP概念,600039.SH
PPP概念,600406.SH
PPP概念,600606.SH
PPP概念,601186.SH
PPP概念,601390.SH
PPP概念,601668.SH
PPP概念,601669.SH
PPP概念,601766.SH
OLED面板,000100.SZ
OLED面板,000725.SZ
OLED面板,002600.SZ
OLED设备制造,002008.SZ
OLED芯片,600460.SH
NFC,600584.SH
MiniLED,000100.SZ
MiniLED,000725.SZ
MiniLED,002008.SZ
MiniLED,002938.SZ
MSCI预期,600884.SH
MSCI概念,000001.SZ
MSCI概念,000002.SZ
MSCI概念,000063.SZ
MSCI概念,000069.SZ
MSCI概念,000100.SZ
MSCI概念,000157.SZ
MSCI概念,000166.SZ
MSCI概念,000338.SZ
MSCI概念,000425.SZ
MSCI概念,000538.SZ
MSCI概念,000568.SZ
MSCI概念,000596.SZ
MSCI概念,000625.SZ
MSCI概念,000651.SZ
MSCI概念,000661.SZ
MSCI概念,000723.SZ
MSCI概念,000725.SZ
MSCI概念,000733.SZ
MSCI概念,000768.SZ
MSCI概念,000776.SZ
MSCI概念,000786.SZ
MSCI概念,000858.SZ
MSCI概念,000876.SZ
MSCI概念,000895.SZ
MSCI概念,000938.SZ
MSCI概念,000963.SZ
MSCI概念,000977.SZ
MSCI概念,001979.SZ
MSCI概念,002001.SZ
MSCI概念,002007.SZ
MSCI概念,002027.SZ
MSCI概念,002032.SZ
MSCI概念,002049.SZ
MSCI概念,002050.SZ
MSCI概念,002064.SZ
MSCI概念,002074.SZ
MSCI概念,002120.SZ
MSCI概念,002129.SZ
MSCI概念,002142.SZ
MSCI概念,002179.SZ
MSCI概念,002180.SZ
MSCI概念,002202.SZ
MSCI概念,002230.SZ
MSCI概念,002236.SZ
MSCI概念,002241.SZ
MSCI概念,002271.SZ
MSCI概念,002304.SZ
MSCI概念,002311.SZ
MSCI概念,002352.SZ
MSCI概念,002371.SZ
MSCI概念,002414.SZ
MSCI概念,002415.SZ
MSCI概念,002459.SZ
MSCI概念,002460.SZ
MSCI概念,002466.SZ
MSCI概念,002475.SZ
MSCI概念,002493.SZ
MSCI概念,002555.SZ
MSCI概念,002594.SZ
MSCI概念,002600.SZ
MSCI概念,002601.SZ
MSCI概念,002602.SZ
MSCI概念,002709.SZ
MSCI概念,002714.SZ
MSCI概念,002736.SZ
MSCI概念,002812.SZ
MSCI概念,002821.SZ
MSCI概念,002841.SZ
MSCI概念,002916.SZ
MSCI概念,002920.SZ
MSCI概念,300014.SZ
MSCI概念,300015.SZ
MSCI概念,300033.SZ
MSCI概念,300059.SZ
MSCI概念,300122.SZ
MSCI概念,300124.SZ
MSCI概念,300142.SZ
MSCI概念,300207.SZ
MSCI概念,300223.SZ
MSCI概念,300316.SZ
MSCI概念,300347.SZ
MSCI概念,300408.SZ
MSCI概念,300413.SZ
MSCI概念,300433.SZ
MSCI概念,300450.SZ
MSCI概念,300454.SZ
MSCI概念,300496.SZ
MSCI概念,300498.SZ
MSCI概念,300529.SZ
MSCI概念,300595.SZ
MSCI概念,300601.SZ
MSCI概念,300628.SZ
MSCI概念,300661.SZ
MSCI概念,300750.SZ
MSCI概念,300760.SZ
MSCI概念,300782.SZ
MSCI概念,300896.SZ
MSCI概念,300999.SZ
MSCI概念,600000.SH
MSCI概念,600009.SH
MSCI概念,600010.SH
MSCI概念,600011.SH
MSCI概念,600015.SH
MSCI概念,600016.SH
MSCI概念,600018.SH
MSCI概念,600019.SH
MSCI概念,600028.SH
MSCI概念,600029.SH
MSCI概念,600030.SH
MSCI概念,600031.SH
MSCI概念,600036.SH
MSCI概念,600048.SH
MSCI概念,600050.SH
MSCI概念,600061.SH
MSCI概念,600085.SH
MSCI概念,600089.SH
MSCI概念,600104.SH
MSCI概念,600111.SH
MSCI概念,600115.SH
MSCI概念,600132.SH
MSCI概念,600176.SH
MSCI概念,600183.SH
MSCI概念,600188.SH
MSCI概念,600196.SH
MSCI概念,600219.SH
MSCI概念,600233.SH
MSCI概念,600276.SH
MSCI概念,600309.SH
MSCI概念,600332.SH
MSCI概念,600346.SH
MSCI概念,600362.SH
MSCI概念,600383.SH
MSCI概念,600406.SH
MSCI概念,600426.SH
MSCI概念,600436.SH
MSCI概念,600438.SH
MSCI概念,600460.SH
MSCI概念,600519.SH
MSCI概念,600547.SH
MSCI概念,600570.SH
MSCI概念,600584.SH
MSCI概念,600585.SH
MSCI概念,600588.SH
MSCI概念,600600.SH
MSCI概念,600606.SH
MSCI概念,600660.SH
MSCI概念,600674.SH
MSCI概念,600690.SH
MSCI概念,600741.SH
MSCI概念,600760.SH
MSCI概念,600763.SH
MSCI概念,600795.SH
MSCI概念,600809.SH
MSCI概念,600837.SH
MSCI概念,600845.SH
MSCI概念,600886.SH
MSCI概念,600887.SH
MSCI概念,600893.SH
MSCI概念,600900.SH
MSCI概念,600919.SH
MSCI概念,600926.SH
MSCI概念,600958.SH
MSCI概念,600999.SH
MSCI概念,601006.SH
MSCI概念,601009.SH
MSCI概念,601012.SH
MSCI概念,601021.SH
MSCI概念,601066.SH
MSCI概念,601088.SH
MSCI概念,601100.SH
MSCI概念,601111.SH
MSCI概念,601117.SH
MSCI概念,601138.SH
MSCI概念,601155.SH
MSCI概念,601166.SH
MSCI概念,601169.SH
MSCI概念,601186.SH
MSCI概念,601211.SH
MSCI概念,601216.SH
MSCI概念,601225.SH
MSCI概念,601229.SH
MSCI概念,601288.SH
MSCI概念,601318.SH
MSCI概念,601328.SH
MSCI概念,601336.SH
MSCI概念,601360.SH
MSCI概念,601377.SH
MSCI概念,601390.SH
MSCI概念,601398.SH
MSCI概念,601600.SH
MSCI概念,601601.SH
MSCI概念,601615.SH
MSCI概念,601618.SH
MSCI概念,601628.SH
MSCI概念,601633.SH
MSCI概念,601658.SH
MSCI概念,601668.SH
MSCI概念,601669.SH
MSCI概念,601688.SH
MSCI概念,601689.SH
MSCI概念,601766.SH
MSCI概念,601788.SH
MSCI概念,601799.SH
MSCI概念,601800.SH
MSCI概念,601816.SH
MSCI概念,601818.SH
MSCI概念,601838.SH
MSCI概念,601857.SH
MSCI概念,601877.SH
MSCI概念,601878.SH
MSCI概念,601881.SH
MSCI概念,601888.SH
MSCI概念,601899.SH
MSCI概念,601901.SH
MSCI概念,601919.SH
MSCI概念,601939.SH
MSCI概念,601966.SH
MSCI概念,601985.SH
MSCI概念,601988.SH
MSCI概念,601989.SH
MSCI概念,603019.SH
MSCI概念,603259.SH
MSCI概念,603288.SH
MSCI概念,603290.SH
MSCI概念,603369.SH
MSCI概念,603501.SH
MSCI概念,603659.SH
MSCI概念,603799.SH
MSCI概念,603806.SH
MSCI概念,603833.SH
MSCI概念,603882.SH
MSCI概念,603899.SH
MSCI概念,603986.SH
MSCI概念,603993.SH
MSCI概念,688008.SH
MSCI概念,688012.SH
MSCI概念,688126.SH
MSCI概念,688169.SH
MSCI概念,688981.SH
MDI,600309.SH
MCU,603986.SH
LNG加气站,000723.SZ
LNG加气站,600803.SH
IPV6,000063.SZ
IPV6,000938.SZ
IPV6,000977.SZ
IGBT,000733.SZ
IGBT,002129.SZ
IGBT,002594.SZ
IGBT,300124.SZ
IGBT,600406.SH
IGBT,600460.SH
IGBT,600584.SH
IGBT,601766.SH
IGBT,603290.SH
IGBT,688396.SH
HPV疫苗,300122.SZ
HPV疫苗,300142.SZ
HPV疫苗,603392.SH
HIT电池,002129.SZ
HIT电池,300751.SZ
HIT电池,600438.SH
HIT电池,688599.SH
GPU,000977.SZ
GPU,603019.SH
Facebook概念,002241.SZ
ETC,002049.SZ
EDA,002049.SZ
EDA,688396.SH
C2M概念,603833.SH
AI芯片,000938.SZ
AI芯片,002236.SZ
AI芯片,002415.SZ
AI芯片,300223.SZ
AI芯片,603019.SH
AI芯片,603986.SH
3D玻璃,002594.SZ
3D玻璃,300433.SZ
3D打印,002008.SZ
3D打印,600115.SH
